Player Name,Score 1+ Factor,Assist Factor,F1 Yellow Card Factor,F1 Concede 2+ Goals Factor,F1 Concede 4+ Goals Factor,F1 3+ Saves Factor,F1 6+ Saves Factor
David Raya,#N/A,#N/A,#N/A,0.8244068220416626,0.7100072310489803,0.8207362386939597,-0.1772112042729388
Karl Hein,#N/A,#N/A,#N/A,0.8244068220416626,0.7100072310489803,0.8207362386939597,-0.1772112042729388
Kepa Arrizabalaga,#N/A,#N/A,#N/A,0.8244068220416626,0.7100072310489803,0.8207362386939597,-0.1772112042729388
Tommy Setford,#N/A,#N/A,#N/A,0.8244068220416626,0.7100072310489803,0.8207362386939597,-0.1772112042729388
Ben White,0.3267281352218995,1.423276277797837,1.357051432326598,0.8244068220416626,0.7100072310489803,#VALUE!,#VALUE!
Brayden Clarke,#N/A,#N/A,#N/A,0.8244068220416626,0.7100072310489803,#VALUE!,#VALUE!
Cristhian Mosquera,0.2831643838589796,0.8217048377152846,1.085641145861278,0.8244068220416626,0.7100072310489803,#VALUE!,#VALUE!
Gabriel Magalhaes,0.6534562704437991,0.8803980404092334,1.387208130822745,0.8244068220416626,0.7100072310489803,#VALUE!,#VALUE!
Jakub Kiwior,#N/A,#N/A,#N/A,0.8244068220416626,0.7100072310489803,#VALUE!,#VALUE!
Josh Nichols,#N/A,#N/A,#N/A,0.8244068220416626,0.7100072310489803,#VALUE!,#VALUE!
Jurrien Timber,0.4997018538687875,1.027131047144106,1.504201587639121,0.8244068220416626,0.7100072310489803,#VALUE!,#VALUE!
Maldini Kacurri,#N/A,#N/A,#N/A,0.8244068220416626,0.7100072310489803,#VALUE!,#VALUE!
Marli Salmon,0.2123732878942347,#N/A,#N/A,0.8244068220416626,0.7100072310489803,#VALUE!,#VALUE!
Myles Lewis-Skelly,0.6534562704437991,1.369508062858808,1.653625586411219,0.8244068220416626,0.7100072310489803,#VALUE!,#VALUE!
Piero Hincapie,0.4247465757884694,1.027131047144106,1.764646385498898,0.8244068220416626,0.7100072310489803,#VALUE!,#VALUE!
Riccardo Calafiori,0.4997018538687875,1.423276277797837,1.752262902091888,0.8244068220416626,0.7100072310489803,#VALUE!,#VALUE!
William Saliba,0.3539554798237244,0.8217048377152846,1.09757126834327,0.8244068220416626,0.7100072310489803,#VALUE!,#VALUE!
Albert Sambi Lokonga,#N/A,#N/A,#N/A,0.8244068220416626,0.7100072310489803,#VALUE!,#VALUE!
Andre Harriman-Annous,#N/A,#N/A,#N/A,0.8244068220416626,0.7100072310489803,#VALUE!,#VALUE!
Bukayo Saka,1.516952056387391,2.370302416486398,1.218036407551678,0.8244068220416626,0.7100072310489803,#VALUE!,#VALUE!
Christian Norgaard,0.6534562704437991,1.232557256572927,1.906087508000718,0.8244068220416626,0.7100072310489803,#VALUE!,#VALUE!
Declan Rice,0.7722665014335807,1.760796080818467,1.443337939584358,0.8244068220416626,0.7100072310489803,#VALUE!,#VALUE!
Eberechi Eze,1.249254634671969,2.200995101023083,0.8536665420447659,0.8244068220416626,0.7100072310489803,#VALUE!,#VALUE!
Ethan Nwaneri,#N/A,#N/A,#N/A,0.8244068220416626,0.7100072310489803,#VALUE!,#VALUE!
Fabio Vieira,#N/A,#N/A,#N/A,0.8244068220416626,0.7100072310489803,#VALUE!,#VALUE!
Gabriel Martinelli,1.249254634671969,1.812584200842539,1.051357741255133,0.8244068220416626,0.7100072310489803,#VALUE!,#VALUE!
Ismeal Kabia,#N/A,#N/A,#N/A,0.8244068220416626,0.7100072310489803,#VALUE!,#VALUE!
Leandro Trossard,1.306912540887598,2.343264746336363,0.9696988875654137,0.8244068220416626,0.7100072310489803,#VALUE!,#VALUE!
Martin Odegaard,0.8494931515769387,1.987995575117624,1.085641145861278,0.8244068220416626,0.7100072310489803,#VALUE!,#VALUE!
Martin Zubimendi,0.6534562704437991,1.369508062858808,1.642746470711145,0.8244068220416626,0.7100072310489803,#VALUE!,#VALUE!
Max Dowman,1.213561645109912,2.054262094288211,1.00887864059836,0.8244068220416626,0.7100072310489803,#VALUE!,#VALUE!
Mikel Merino,#N/A,#N/A,#N/A,0.8244068220416626,0.7100072310489803,#VALUE!,#VALUE!
Noni Madueke,1.249254634671969,2.241013193768958,0.8536665420447659,0.8244068220416626,0.7100072310489803,#VALUE!,#VALUE!
Gabriel Jesus,1.769777399118622,1.867510994807465,1.495194392503557,0.8244068220416626,0.7100072310489803,#VALUE!,#VALUE!
Kai Havertz,1.516952056387391,1.643409675430569,1.435042893954563,0.8244068220416626,0.7100072310489803,#VALUE!,#VALUE!
Viktor Gyokeres,1.846724242558563,1.423276277797837,1.24848731774047,0.8244068220416626,0.7100072310489803,#VALUE!,#VALUE!
Emiliano Martinez,#N/A,#N/A,#N/A,1.049524647543446,1.030414458767408,1.00821091140655,-0.2595744204485133
Filip Marschall,#N/A,#N/A,#N/A,1.049524647543446,1.030414458767408,1.00821091140655,-0.2595744204485133
James Wright,#N/A,#N/A,#N/A,1.049524647543446,1.030414458767408,1.00821091140655,-0.2595744204485133
Joe Gauci,#N/A,#N/A,#N/A,1.049524647543446,1.030414458767408,1.00821091140655,-0.2595744204485133
Marco Bizot,#N/A,#N/A,#N/A,1.049524647543446,1.030414458767408,1.00821091140655,-0.2595744204485133
Ronnie Hollingshead,#N/A,#N/A,#N/A,1.049524647543446,1.030414458767408,1.00821091140655,-0.2595744204485133
Sam Proctor,#N/A,#N/A,#N/A,1.049524647543446,1.030414458767408,1.00821091140655,-0.2595744204485133
Andrés García,#N/A,#N/A,#N/A,1.049524647543446,1.030414458767408,#VALUE!,#VALUE!
Ezri Konsa,0.3788028033467248,0.9803747886893754,0.6824184088217002,1.049524647543446,1.030414458767408,#VALUE!,#VALUE!
Ian Maatsen,0.6565915258009897,1.698108756390373,1.142845287062847,1.049524647543446,1.030414458767408,#VALUE!,#VALUE!
Lamare Bogarde,0.547159604834158,1.225468485861719,1.203758360738786,1.049524647543446,1.030414458767408,#VALUE!,#VALUE!
Leon Routh,#N/A,#N/A,#N/A,1.049524647543446,1.030414458767408,#VALUE!,#VALUE!
Lino da Cruz Sousa,#N/A,#N/A,#N/A,1.049524647543446,1.030414458767408,#VALUE!,#VALUE!
Lucas Digne,0.4103697036256185,1.838202728792579,1.031045204632786,1.049524647543446,1.030414458767408,#VALUE!,#VALUE!
Matty Cash,0.7576056066934497,1.633957981148959,1.197678773058287,1.049524647543446,1.030414458767408,#VALUE!,#VALUE!
Pau Torres,0.4476760403188566,0.9191013643962894,0.8107364002240713,1.049524647543446,1.030414458767408,#VALUE!,#VALUE!
TJ Carroll,#N/A,#N/A,#N/A,1.049524647543446,1.030414458767408,#VALUE!,#VALUE!
Travis Patterson,#N/A,#N/A,#N/A,1.049524647543446,1.030414458767408,#VALUE!,#VALUE!
Triston Rowe,#N/A,#N/A,#N/A,1.049524647543446,1.030414458767408,#VALUE!,#VALUE!
Tyrone Mings,0.4103697036256185,0.9803747886893754,0.9391698893684787,1.049524647543446,1.030414458767408,#VALUE!,#VALUE!
Victor Lindelof,0.2591808654477591,0.9191013643962894,0.7132042017008747,1.049524647543446,1.030414458767408,#VALUE!,#VALUE!
Yasin Özcan,#N/A,#N/A,#N/A,1.049524647543446,1.030414458767408,#VALUE!,#VALUE!
Álex Moreno Lopera,#N/A,#N/A,#N/A,1.049524647543446,1.030414458767408,#VALUE!,#VALUE!
Alysson Edward Franco da Rocha dos Santos,#N/A,#N/A,#N/A,1.049524647543446,1.030414458767408,#VALUE!,#VALUE!
Amadou Onana,0.9848872887014846,1.336874711849148,1.129239986026385,1.049524647543446,1.030414458767408,#VALUE!,#VALUE!
Ben Broggio,#N/A,#N/A,#N/A,1.049524647543446,1.030414458767408,#VALUE!,#VALUE!
Boubacar Kamara,#N/A,#N/A,#N/A,1.049524647543446,1.030414458767408,#VALUE!,#VALUE!
Bradley Burrowes,#N/A,#N/A,#N/A,1.049524647543446,1.030414458767408,#VALUE!,#VALUE!
Donyell Malen,#N/A,#N/A,#N/A,1.049524647543446,1.030414458767408,#VALUE!,#VALUE!
Douglas Luiz,1.094319209668316,2.22812451974858,1.295849164292573,1.049524647543446,1.030414458767408,#VALUE!,#VALUE!
Emiliano Buendia,1.313183051601979,1.960749577378751,0.9880849877730868,1.049524647543446,1.030414458767408,#VALUE!,#VALUE!
Enzo Barrenechea,#N/A,#N/A,#N/A,1.049524647543446,1.030414458767408,#VALUE!,#VALUE!
George Hemmings,0.547159604834158,1.336874711849148,1.009108072619323,1.049524647543446,1.030414458767408,#VALUE!,#VALUE!
Harvey Elliott,1.313183051601979,2.22812451974858,0.7775094985755439,1.049524647543446,1.030414458767408,#VALUE!,#VALUE!
Jadon Sancho,1.094319209668316,2.10080311862009,0.6409199920690293,1.049524647543446,1.030414458767408,#VALUE!,#VALUE!
Jamaldeen Jimoh-Aloba,#N/A,#N/A,#N/A,1.049524647543446,1.030414458767408,#VALUE!,#VALUE!
John McGinn,#N/A,#N/A,#N/A,1.049524647543446,1.030414458767408,#VALUE!,#VALUE!
Kadan Young,#N/A,#N/A,#N/A,1.049524647543446,1.030414458767408,#VALUE!,#VALUE!
Leander Dendoncker,#N/A,#N/A,#N/A,1.049524647543446,1.030414458767408,#VALUE!,#VALUE!
Leon Bailey,1.313183051601979,2.22812451974858,0.9581430184466296,1.049524647543446,1.030414458767408,#VALUE!,#VALUE!
Lewis Dobbin,#N/A,#N/A,#N/A,1.049524647543446,1.030414458767408,#VALUE!,#VALUE!
Morgan Rogers,1.758727301252651,2.795745595121793,0.9391698893684787,1.049524647543446,1.030414458767408,#VALUE!,#VALUE!
Ross Barkley,1.094319209668316,1.838202728792579,0.8623287166019667,1.049524647543446,1.030414458767408,#VALUE!,#VALUE!
Samuel Iling-Junior,#N/A,#N/A,#N/A,1.049524647543446,1.030414458767408,#VALUE!,#VALUE!
Youri Tielemans,#N/A,#N/A,#N/A,1.049524647543446,1.030414458767408,#VALUE!,#VALUE!
Ollie Watkins,2.188638419336632,2.10080311862009,0.4695849446842393,1.049524647543446,1.030414458767408,#VALUE!,#VALUE!
Tammy Abraham,1.969774577402969,1.633957981148959,0.7588492706097307,1.049524647543446,1.030414458767408,#VALUE!,#VALUE!
Zépiqueno Redmond,#N/A,#N/A,#N/A,1.049524647543446,1.030414458767408,#VALUE!,#VALUE!
Alex Paulsen,#N/A,#N/A,#N/A,1.157436552671464,1.120119701185303,0.9044805932196958,-0.8211422102647787
Callan McKenna,#N/A,#N/A,#N/A,1.157436552671464,1.120119701185303,0.9044805932196958,-0.8211422102647787
Christos Mandas,#N/A,#N/A,#N/A,1.157436552671464,1.120119701185303,0.9044805932196958,-0.8211422102647787
Djordje Petrovic,#N/A,#N/A,#N/A,1.157436552671464,1.120119701185303,0.9044805932196958,-0.8211422102647787
Fraser Forster,#N/A,#N/A,#N/A,1.157436552671464,1.120119701185303,0.9044805932196958,-0.8211422102647787
Norberto Murara Neto,#N/A,#N/A,#N/A,1.157436552671464,1.120119701185303,0.9044805932196958,-0.8211422102647787
Will Dennis,#N/A,#N/A,#N/A,1.157436552671464,1.120119701185303,0.9044805932196958,-0.8211422102647787
Adam Smith,0.2839161905178242,0.809398493419786,1.329493036756678,1.157436552671464,1.120119701185303,#VALUE!,#VALUE!
Adrien Truffert,0.4258742857767363,1.780676685523529,1.089223210836797,1.157436552671464,1.120119701185303,#VALUE!,#VALUE!
Alex Jimenez,0.4968533334061924,1.780676685523529,1.631868709376428,1.157436552671464,1.120119701185303,#VALUE!,#VALUE!
Bafode Diakite,0.3974826667249539,1.112922928452206,1.063594429405343,1.157436552671464,1.120119701185303,#VALUE!,#VALUE!
Chris Mepham,#N/A,#N/A,#N/A,1.157436552671464,1.120119701185303,#VALUE!,#VALUE!
Illia Zabarnyi,#N/A,#N/A,#N/A,1.157436552671464,1.120119701185303,#VALUE!,#VALUE!
James Hill,0.4586338462211007,2.374235580698039,0.9617609202069588,1.157436552671464,1.120119701185303,#VALUE!,#VALUE!
Julian Araujo,#N/A,#N/A,#N/A,1.157436552671464,1.120119701185303,#VALUE!,#VALUE!
Julio Soler Barreto,#N/A,#N/A,#N/A,1.157436552671464,1.120119701185303,#VALUE!,#VALUE!
Marcos Senesi,0.3974826667249539,2.056208643791604,1.448806514414329,1.157436552671464,1.120119701185303,#VALUE!,#VALUE!
Matai Akinmboni,#N/A,#N/A,#N/A,1.157436552671464,1.120119701185303,#VALUE!,#VALUE!
Owen Bevan,#N/A,#N/A,#N/A,1.157436552671464,1.120119701185303,#VALUE!,#VALUE!
Veljko Milosavljevic,0.4586338462211007,0.9892648252908496,1.235048176222051,1.157436552671464,1.120119701185303,#VALUE!,#VALUE!
Alex Scott,0.9172676924422014,1.978529650581699,1.608639261556123,1.157436552671464,1.120119701185303,#VALUE!,#VALUE!
Alex Tóth,#N/A,#N/A,#N/A,1.157436552671464,1.120119701185303,#VALUE!,#VALUE!
Amine Adli,1.324942222416513,2.374235580698039,1.378133025906313,1.157436552671464,1.120119701185303,#VALUE!,#VALUE!
Ben Gannon-Doak,#N/A,#N/A,#N/A,1.157436552671464,1.120119701185303,#VALUE!,#VALUE!
Ben Winterburn,#N/A,#N/A,#N/A,1.157436552671464,1.120119701185303,#VALUE!,#VALUE!
Charlie Stevens,#N/A,#N/A,#N/A,1.157436552671464,1.120119701185303,#VALUE!,#VALUE!
David Brooks,1.589930666899816,2.119853197051821,0.9320157371077745,1.157436552671464,1.120119701185303,#VALUE!,#VALUE!
Dominic Sadi,#N/A,#N/A,#N/A,1.157436552671464,1.120119701185303,#VALUE!,#VALUE!
Hamed Traorè,#N/A,#N/A,#N/A,1.157436552671464,1.120119701185303,#VALUE!,#VALUE!
Justin Kluivert,#N/A,#N/A,#N/A,1.157436552671464,1.120119701185303,#VALUE!,#VALUE!
Lewis Cook,0.4258742857767363,2.119853197051821,1.089223210836797,1.157436552671464,1.120119701185303,#VALUE!,#VALUE!
Luis Sinisterra Lucumí,#N/A,#N/A,#N/A,1.157436552671464,1.120119701185303,#VALUE!,#VALUE!
Malcom DaCosta,#N/A,#N/A,#N/A,1.157436552671464,1.120119701185303,#VALUE!,#VALUE!
Marcus Tavernier,1.589930666899816,2.782307321130514,0.9320157371077745,1.157436552671464,1.120119701185303,#VALUE!,#VALUE!
Philip Billing,#N/A,#N/A,#N/A,1.157436552671464,1.120119701185303,#VALUE!,#VALUE!
Rayan,2.070222222525802,2.056208643791604,0.9826687662984146,1.157436552671464,1.120119701185303,#VALUE!,#VALUE!
Remy Rees-Dottin,1.589930666899816,2.543823836462185,1.051227052319234,1.157436552671464,1.120119701185303,#VALUE!,#VALUE!
Romain Faivre,#N/A,#N/A,#N/A,1.157436552671464,1.120119701185303,#VALUE!,#VALUE!
Ryan Christie,1.084043636522602,1.780676685523529,1.298929978440433,1.157436552671464,1.120119701185303,#VALUE!,#VALUE!
Tyler Adams,0.5420218182613008,1.780676685523529,1.448806514414329,1.157436552671464,1.120119701185303,#VALUE!,#VALUE!
Zain Silcott-Duberry,#N/A,#N/A,#N/A,1.157436552671464,1.120119701185303,#VALUE!,#VALUE!
Daniel Adu-Adjei,#N/A,#N/A,#N/A,1.157436552671464,1.120119701185303,#VALUE!,#VALUE!
Enes Ünal,#N/A,#N/A,#N/A,1.157436552671464,1.120119701185303,#VALUE!,#VALUE!
Evanilson,2.208237037360855,1.618796986839572,0.8000489070748152,1.157436552671464,1.120119701185303,#VALUE!,#VALUE!
Junior Kroupi,2.484266667030962,2.056208643791604,1.116117611104372,1.157436552671464,1.120119701185303,#VALUE!,#VALUE!
Caoimhin Kelleher,#N/A,#N/A,#N/A,1.056689538857184,0.9048381422602428,1.081759297523774,-0.4544695667017667
Ellery Balcombe,#N/A,#N/A,#N/A,1.056689538857184,0.9048381422602428,1.081759297523774,-0.4544695667017667
Hákon Rafn Valdimarsson,#N/A,#N/A,#N/A,1.056689538857184,0.9048381422602428,1.081759297523774,-0.4544695667017667
Julian Eyestone,#N/A,#N/A,#N/A,1.056689538857184,0.9048381422602428,1.081759297523774,-0.4544695667017667
Matthew Cox,#N/A,#N/A,#N/A,1.056689538857184,0.9048381422602428,1.081759297523774,-0.4544695667017667
Aaron Hickey,0.4766028556545283,1.433414497785108,1.193250460352278,1.056689538857184,0.9048381422602428,#VALUE!,#VALUE!
Benjamin Arthur,#N/A,#N/A,#N/A,1.056689538857184,0.9048381422602428,#VALUE!,#VALUE!
Benjamin Fredrick,#N/A,#N/A,#N/A,1.056689538857184,0.9048381422602428,#VALUE!,#VALUE!
Ethan Pinnock,0.4368859510166509,0.9275034985668345,0.7756127992289803,1.056689538857184,0.9048381422602428,#VALUE!,#VALUE!
Jayden Meghoma,#N/A,#N/A,#N/A,1.056689538857184,0.9048381422602428,#VALUE!,#VALUE!
Keane Lewis-Potter,1.456286503388836,2.102341263418158,0.9215201574997787,1.056689538857184,0.9048381422602428,#VALUE!,#VALUE!
Kim Ji-soo,#N/A,#N/A,#N/A,1.056689538857184,0.9048381422602428,#VALUE!,#VALUE!
Kristoffer Ajer,0.4032793393999855,1.576755947563619,0.9497299582395676,1.056689538857184,0.9048381422602428,#VALUE!,#VALUE!
Mads Roerslev Rasmussen,#N/A,#N/A,#N/A,1.056689538857184,0.9048381422602428,#VALUE!,#VALUE!
Michael Kayode,0.3744736722999865,1.751951052848465,1.211894998795282,1.056689538857184,0.9048381422602428,#VALUE!,#VALUE!
Nathan Collins,0.5242631412199811,1.051170631709079,0.7628978353071938,1.056689538857184,0.9048381422602428,#VALUE!,#VALUE!
Rico Henry,0.3744736722999865,1.313963289636349,0.8093350948476317,1.056689538857184,0.9048381422602428,#VALUE!,#VALUE!
Sepp van den Berg,0.5518559381262959,1.051170631709079,0.7692027760948564,1.056689538857184,0.9048381422602428,#VALUE!,#VALUE!
Antoni Milambo,#N/A,#N/A,#N/A,1.056689538857184,0.9048381422602428,#VALUE!,#VALUE!
Dango Ouattara,1.638322316312441,1.820734350535356,0.8617919991433114,1.056689538857184,0.9048381422602428,#VALUE!,#VALUE!
Fabio Carvalho,#N/A,#N/A,#N/A,1.056689538857184,0.9048381422602428,#VALUE!,#VALUE!
Frank Onyeka,#N/A,#N/A,#N/A,1.056689538857184,0.9048381422602428,#VALUE!,#VALUE!
Gustavo Nunes Fernandes Gomes,#N/A,#N/A,#N/A,1.056689538857184,0.9048381422602428,#VALUE!,#VALUE!
Jordan Henderson,0.4368859510166509,2.38902416297518,0.9797214306050277,1.056689538857184,0.9048381422602428,#VALUE!,#VALUE!
Josh Dasilva,#N/A,#N/A,#N/A,1.056689538857184,0.9048381422602428,#VALUE!,#VALUE!
Kevin Schade,1.906411422618113,1.877090413766213,1.108018284612829,1.056689538857184,0.9048381422602428,#VALUE!,#VALUE!
Luka Bentt,1.165029202711069,#N/A,#N/A,1.056689538857184,0.9048381422602428,#VALUE!,#VALUE!
Mathias Jensen,1.048526282439962,2.102341263418158,0.8538856505273177,1.056689538857184,0.9048381422602428,#VALUE!,#VALUE!
Mikkel Damsgaard,0.9532057113090565,2.627926579272698,0.7821305538443498,1.056689538857184,0.9048381422602428,#VALUE!,#VALUE!
Myles Peart-Harris,#N/A,#N/A,#N/A,1.056689538857184,0.9048381422602428,#VALUE!,#VALUE!
Paris Maghoma,#N/A,#N/A,#N/A,1.056689538857184,0.9048381422602428,#VALUE!,#VALUE!
Reiss Nelson,1.398035043253283,1.576755947563619,0.8461230537043422,1.056689538857184,0.9048381422602428,#VALUE!,#VALUE!
Romelle Donovan,1.541950415352886,2.102341263418158,1.057653817130427,1.056689538857184,0.9048381422602428,#VALUE!,#VALUE!
Ryan Trevitt,#N/A,#N/A,#N/A,1.056689538857184,0.9048381422602428,#VALUE!,#VALUE!
Vitaly Janelt,0.6553289265249763,1.970944934454523,1.09498277538209,1.056689538857184,0.9048381422602428,#VALUE!,#VALUE!
Yehor Yarmoliuk,0.5825146013555346,1.433414497785108,1.09498277538209,1.056689538857184,0.9048381422602428,#VALUE!,#VALUE!
Yunus Emre Konak,#N/A,#N/A,#N/A,1.056689538857184,0.9048381422602428,#VALUE!,#VALUE!
Igor Thiago,2.621315706099905,1.576755947563619,1.244298608388738,1.056689538857184,0.9048381422602428,#VALUE!,#VALUE!
Iwan Morgan,#N/A,#N/A,#N/A,1.056689538857184,0.9048381422602428,#VALUE!,#VALUE!
Kaye Furo,1.691171423290261,1.877090413766213,0.7887587788769291,1.056689538857184,0.9048381422602428,#VALUE!,#VALUE!
Bart Verbruggen,#N/A,#N/A,#N/A,1.022880265293544,0.8375242061780195,0.9211565430140453,-11.05341745885461
Carl Rushworth,#N/A,#N/A,#N/A,1.022880265293544,0.8375242061780195,0.9211565430140453,-11.05341745885461
Jason Steele,#N/A,#N/A,#N/A,1.022880265293544,0.8375242061780195,0.9211565430140453,-11.05341745885461
Kjell Scherpen,#N/A,#N/A,#N/A,1.022880265293544,0.8375242061780195,0.9211565430140453,-11.05341745885461
Tom McGill,#N/A,#N/A,#N/A,1.022880265293544,0.8375242061780195,0.9211565430140453,-11.05341745885461
Adam Webster,#N/A,#N/A,#N/A,1.022880265293544,0.8375242061780195,#VALUE!,#VALUE!
Charlie Tasker,#N/A,#N/A,#N/A,1.022880265293544,0.8375242061780195,#VALUE!,#VALUE!
Diego Coppola,#N/A,#N/A,#N/A,1.022880265293544,0.8375242061780195,#VALUE!,#VALUE!
Eiran Cashin,#N/A,#N/A,#N/A,1.022880265293544,0.8375242061780195,#VALUE!,#VALUE!
Ferdi Kadioglu,0.690932928765942,1.909640275517782,1.187551651659778,1.022880265293544,0.8375242061780195,#VALUE!,#VALUE!
Freddie Simmonds,#N/A,#N/A,#N/A,1.022880265293544,0.8375242061780195,#VALUE!,#VALUE!
Igor Julio,0.3004056212025835,0.6178247950204588,1.447082807320524,1.022880265293544,0.8375242061780195,#VALUE!,#VALUE!
Jacob Slater,#N/A,#N/A,#N/A,1.022880265293544,0.8375242061780195,#VALUE!,#VALUE!
Jan Paul van Hecke,0.5757774406382851,1.05030215153478,1.255801746582754,1.022880265293544,0.8375242061780195,#VALUE!,#VALUE!
Joel Veltman,0.3290156803647343,1.500431645049686,1.150050020554732,1.022880265293544,0.8375242061780195,#VALUE!,#VALUE!
Lewis Dunk,0.4935235205471014,0.8079247319498309,1.040521447168568,1.022880265293544,0.8375242061780195,#VALUE!,#VALUE!
Maxim De Cuyper,0.9870470410942028,1.7505035858913,1.114844407680608,1.022880265293544,0.8375242061780195,#VALUE!,#VALUE!
Olivier Boscagli,0.460621952510628,1.500431645049686,1.040521447168568,1.022880265293544,0.8375242061780195,#VALUE!,#VALUE!
Pervis Estupiñán Tenorio,#N/A,#N/A,#N/A,1.022880265293544,0.8375242061780195,#VALUE!,#VALUE!
Tariq Lamptey,#N/A,#N/A,#N/A,1.022880265293544,0.8375242061780195,#VALUE!,#VALUE!
Abdallah Sima,#N/A,#N/A,#N/A,1.022880265293544,0.8375242061780195,#VALUE!,#VALUE!
Adrian Mazilu,#N/A,#N/A,#N/A,1.022880265293544,0.8375242061780195,#VALUE!,#VALUE!
Andrew Moran,#N/A,#N/A,#N/A,1.022880265293544,0.8375242061780195,#VALUE!,#VALUE!
Brajan Gruda,#N/A,#N/A,#N/A,1.022880265293544,0.8375242061780195,#VALUE!,#VALUE!
Carlos Baleba,0.5314868682814939,0.9548201377588911,1.437562525693416,1.022880265293544,0.8375242061780195,#VALUE!,#VALUE!
Diego Gomez,1.381865857531884,2.3340047811884,1.200601669809886,1.022880265293544,0.8375242061780195,#VALUE!,#VALUE!
Georginio Rutter,1.53540650836876,2.3340047811884,0.8018697391023822,1.022880265293544,0.8375242061780195,#VALUE!,#VALUE!
Harry Howell,1.381865857531884,2.500719408416143,1.174782279061286,1.022880265293544,0.8375242061780195,#VALUE!,#VALUE!
Jack Hinshelwood,0.8128622691364024,2.80080573742608,0.9500413213278226,1.022880265293544,0.8375242061780195,#VALUE!,#VALUE!
James Milner,0.5757774406382851,1.500431645049686,1.187551651659778,1.022880265293544,0.8375242061780195,#VALUE!,#VALUE!
Jeremy Sarmiento Morante,#N/A,#N/A,#N/A,1.022880265293544,0.8375242061780195,#VALUE!,#VALUE!
Joe Knight,#N/A,#N/A,#N/A,1.022880265293544,0.8375242061780195,#VALUE!,#VALUE!
Julio Enciso Espínola,#N/A,#N/A,#N/A,1.022880265293544,0.8375242061780195,#VALUE!,#VALUE!
Kaoru Mitoma,1.381865857531884,2.3340047811884,0.6426750114864682,1.022880265293544,0.8375242061780195,#VALUE!,#VALUE!
Malick Yalcouyé,#N/A,#N/A,#N/A,1.022880265293544,0.8375242061780195,#VALUE!,#VALUE!
Mats Wieffer,0.6281208443326746,3.089123975102295,1.642928600792475,1.022880265293544,0.8375242061780195,#VALUE!,#VALUE!
Matt O'Riley,1.381865857531884,2.10060430306956,0.8828666824460571,1.022880265293544,0.8375242061780195,#VALUE!,#VALUE!
Nehemiah Oriola,1.15155488127657,#N/A,#N/A,1.022880265293544,0.8375242061780195,#VALUE!,#VALUE!
Pascal Gross,0.9870470410942028,2.80080573742608,0.9932250177518144,1.022880265293544,0.8375242061780195,#VALUE!,#VALUE!
Solly March,#N/A,#N/A,#N/A,1.022880265293544,0.8375242061780195,#VALUE!,#VALUE!
Tom Watson,#N/A,#N/A,#N/A,1.022880265293544,0.8375242061780195,#VALUE!,#VALUE!
Yankuba Minteh,1.381865857531884,3.182733792529637,1.324300023669086,1.022880265293544,0.8375242061780195,#VALUE!,#VALUE!
Yasin Ayari,0.8636661609574275,1.7505035858913,1.194041004947536,1.022880265293544,0.8375242061780195,#VALUE!,#VALUE!
Charalampos Kostoulas,1.727332321914855,2.10060430306956,1.016323273978601,1.022880265293544,0.8375242061780195,#VALUE!,#VALUE!
Danny Welbeck,2.399072669326187,2.10060430306956,0.6775488493190671,1.022880265293544,0.8375242061780195,#VALUE!,#VALUE!
Evan Ferguson,#N/A,#N/A,#N/A,1.022880265293544,0.8375242061780195,#VALUE!,#VALUE!
Stefanos Tzimas,#N/A,#N/A,#N/A,1.022880265293544,0.8375242061780195,#VALUE!,#VALUE!
Etienne Green,#N/A,#N/A,#N/A,0.9836439129317319,1.048045089175554,1.001736217343244,1.230326616008824
Martin Dubravka,#N/A,#N/A,#N/A,0.9836439129317319,1.048045089175554,1.001736217343244,1.230326616008824
Max Weiss,#N/A,#N/A,#N/A,0.9836439129317319,1.048045089175554,1.001736217343244,1.230326616008824
Václav Hladký,#N/A,#N/A,#N/A,0.9836439129317319,1.048045089175554,1.001736217343244,1.230326616008824
Axel Tuanzebe,#N/A,#N/A,#N/A,0.9836439129317319,1.048045089175554,#VALUE!,#VALUE!
Bashir Humphreys,0.3647504073561695,1.654248913155252,1.082391073370492,0.9836439129317319,1.048045089175554,#VALUE!,#VALUE!
Connor Roberts,#N/A,#N/A,#N/A,0.9836439129317319,1.048045089175554,#VALUE!,#VALUE!
Hannes Delcroix,#N/A,#N/A,#N/A,0.9836439129317319,1.048045089175554,#VALUE!,#VALUE!
Hjalmar Ekdal,0.3647504073561695,0.6301900621543814,0.9388830434179999,0.9836439129317319,1.048045089175554,#VALUE!,#VALUE!
Joe Worrall,0.2706212699739322,0.9452850932315723,1.129197173840567,0.9836439129317319,1.048045089175554,#VALUE!,#VALUE!
Jordan Beyer,#N/A,#N/A,#N/A,0.9836439129317319,1.048045089175554,#VALUE!,#VALUE!
Kyle Walker,0.3994885413900904,2.035998662344925,1.154151807516602,0.9836439129317319,1.048045089175554,#VALUE!,#VALUE!
Lucas Pires,0.4660699649551055,1.890570186463145,1.055057965457096,0.9836439129317319,1.048045089175554,#VALUE!,#VALUE!
Maxime Esteve,0.3647504073561695,0.9452850932315723,0.8034672198480961,0.9836439129317319,1.048045089175554,#VALUE!,#VALUE!
Oliver Sonne,#N/A,#N/A,#N/A,0.9836439129317319,1.048045089175554,#VALUE!,#VALUE!
Owen Dodgson,#N/A,#N/A,#N/A,0.9836439129317319,1.048045089175554,#VALUE!,#VALUE!
Quilindschy Hartman,0.4660699649551055,2.205665217540335,0.9716347774907209,0.9836439129317319,1.048045089175554,#VALUE!,#VALUE!
Shurandy Sambo,#N/A,#N/A,#N/A,0.9836439129317319,1.048045089175554,#VALUE!,#VALUE!
Aaron Ramsey,#N/A,#N/A,#N/A,0.9836439129317319,1.048045089175554,#VALUE!,#VALUE!
Darko Churlinov,#N/A,#N/A,#N/A,0.9836439129317319,1.048045089175554,#VALUE!,#VALUE!
Enock Agyei,0.9869716904931646,1.654248913155252,1.055057965457096,0.9836439129317319,1.048045089175554,#VALUE!,#VALUE!
Florentino,0.4415399667995736,1.890570186463145,1.135334115002744,0.9836439129317319,1.048045089175554,#VALUE!,#VALUE!
George Brierley,#N/A,#N/A,#N/A,0.9836439129317319,1.048045089175554,#VALUE!,#VALUE!
Hannibal Mejbri,0.8389259369191899,2.40618023731673,1.644893520948858,0.9836439129317319,1.048045089175554,#VALUE!,#VALUE!
Jacob Bruun Larsen,1.290655287567985,1.890570186463145,0.5802818810014028,0.9836439129317319,1.048045089175554,#VALUE!,#VALUE!
Jaidon Anthony,1.525319885307618,2.205665217540335,0.7329876391596666,0.9836439129317319,1.048045089175554,#VALUE!,#VALUE!
James Ward-Prowse,0.8389259369191899,1.654248913155252,0.83560590864202,0.9836439129317319,1.048045089175554,#VALUE!,#VALUE!
Jaydon Banel,#N/A,#N/A,#N/A,0.9836439129317319,1.048045089175554,#VALUE!,#VALUE!
Josh Cullen,#N/A,#N/A,#N/A,0.9836439129317319,1.048045089175554,#VALUE!,#VALUE!
Josh Laurent,0.5992328120851356,0.9452850932315723,1.129197173840567,0.9836439129317319,1.048045089175554,#VALUE!,#VALUE!
Lesley Ugochukwu,0.932139929910211,1.323399130524201,1.180234334240141,0.9836439129317319,1.048045089175554,#VALUE!,#VALUE!
Loum Tchaouna,1.290655287567985,2.035998662344925,0.8614493903525979,0.9836439129317319,1.048045089175554,#VALUE!,#VALUE!
Luca Koleosho,#N/A,#N/A,#N/A,0.9836439129317319,1.048045089175554,#VALUE!,#VALUE!
Manuel Benson Hedilazio,#N/A,#N/A,#N/A,0.9836439129317319,1.048045089175554,#VALUE!,#VALUE!
Marcus Edwards,1.290655287567985,1.890570186463145,0.8704228215021041,0.9836439129317319,1.048045089175554,#VALUE!,#VALUE!
Mike Trésor Ndayishimiye,#N/A,#N/A,#N/A,0.9836439129317319,1.048045089175554,#VALUE!,#VALUE!
Oliver Pimlott,#N/A,#N/A,#N/A,0.9836439129317319,1.048045089175554,#VALUE!,#VALUE!
Oluwaseun Adewumi,#N/A,#N/A,#N/A,0.9836439129317319,1.048045089175554,#VALUE!,#VALUE!
Armando Broja,1.67785187383838,1.654248913155252,0.6282751192797142,0.9836439129317319,1.048045089175554,#VALUE!,#VALUE!
Ashley Barnes,1.67785187383838,1.654248913155252,1.135334115002744,0.9836439129317319,1.048045089175554,#VALUE!,#VALUE!
Lyle Foster,1.864279859820422,2.035998662344925,1.006754106797614,0.9836439129317319,1.048045089175554,#VALUE!,#VALUE!
Michael Obafemi,#N/A,#N/A,#N/A,0.9836439129317319,1.048045089175554,#VALUE!,#VALUE!
Zeki Amdouni,#N/A,#N/A,#N/A,0.9836439129317319,1.048045089175554,#VALUE!,#VALUE!
Zian Flemming,1.937473295425381,2.035998662344925,1.065823863063801,0.9836439129317319,1.048045089175554,#VALUE!,#VALUE!
Filip Jörgensen,#N/A,#N/A,#N/A,0.8179941819529207,0.6281713914617608,1.013317343932327,-0.08862799983636634
Gabriel Słonina,#N/A,#N/A,#N/A,0.8179941819529207,0.6281713914617608,1.013317343932327,-0.08862799983636634
Max Merrick,#N/A,#N/A,#N/A,0.8179941819529207,0.6281713914617608,1.013317343932327,-0.08862799983636634
Mike Penders,#N/A,#N/A,#N/A,0.8179941819529207,0.6281713914617608,1.013317343932327,-0.08862799983636634
Robert Sanchez,#N/A,#N/A,#N/A,0.8179941819529207,0.6281713914617608,1.013317343932327,-0.08862799983636634
Teddy Sharman-Lowe,#N/A,#N/A,#N/A,0.8179941819529207,0.6281713914617608,1.013317343932327,-0.08862799983636634
Aarón Anselmino,#N/A,#N/A,#N/A,0.8179941819529207,0.6281713914617608,#VALUE!,#VALUE!
Benoit Badiashile,0.362187252407514,0.9080116843102217,0.7410711346720741,0.8179941819529207,0.6281713914617608,#VALUE!,#VALUE!
Jorrel Hato,0.4047975173966333,1.331750470321658,0.9660391576975251,0.8179941819529207,0.6281713914617608,#VALUE!,#VALUE!
Josh Acheampong,0.4047975173966333,0.998812852741244,1.06074887904042,0.8179941819529207,0.6281713914617608,#VALUE!,#VALUE!
Levi Samuels Colwill,#N/A,#N/A,#N/A,0.8179941819529207,0.6281713914617608,#VALUE!,#VALUE!
Malo Gusto,0.4587705197161844,1.331750470321658,0.9247554330095967,0.8179941819529207,0.6281713914617608,#VALUE!,#VALUE!
Mamadou Sarr,0.4587705197161844,0.8323440439510366,1.115426656310545,0.8179941819529207,0.6281713914617608,#VALUE!,#VALUE!
Marc Cucurella,0.6255961632493424,1.153363571294739,1.030441768210693,0.8179941819529207,0.6281713914617608,#VALUE!,#VALUE!
Reece James,0.7646175328603073,2.270029210775554,0.7728313261580201,0.8179941819529207,0.6281713914617608,#VALUE!,#VALUE!
Tosin Adarabioyo,0.4047975173966333,0.9080116843102217,0.7619463779022735,0.8179941819529207,0.6281713914617608,#VALUE!,#VALUE!
Trevoh Chalobah,0.5293505996725205,0.9080116843102217,0.7728313261580201,0.8179941819529207,0.6281713914617608,#VALUE!,#VALUE!
Wesley Fofana,0.3127980816246712,0.8323440439510366,1.001818385760396,0.8179941819529207,0.6281713914617608,#VALUE!,#VALUE!
Alejandro Garnacho,1.146926299290461,2.270029210775554,0.7410711346720741,0.8179941819529207,0.6281713914617608,#VALUE!,#VALUE!
Andrey Santos,0.9557719160753841,1.468842430501829,1.06074887904042,0.8179941819529207,0.6281713914617608,#VALUE!,#VALUE!
Christopher Nkunku,#N/A,#N/A,#N/A,0.8179941819529207,0.6281713914617608,#VALUE!,#VALUE!
Cole Palmer,1.801454920351509,2.080860109877591,0.7025739328709273,0.8179941819529207,0.6281713914617608,#VALUE!,#VALUE!
Dário Luís Essugo,#N/A,#N/A,#N/A,0.8179941819529207,0.6281713914617608,#VALUE!,#VALUE!
Enzo Fernandez,1.19471489509423,1.849653431002304,0.8941850054720893,0.8179941819529207,0.6281713914617608,#VALUE!,#VALUE!
Estevao,1.529235065720615,2.378125839860104,0.9926273913956221,0.8179941819529207,0.6281713914617608,#VALUE!,#VALUE!
Jamie Gittens,#N/A,#N/A,#N/A,0.8179941819529207,0.6281713914617608,#VALUE!,#VALUE!
Kendry Páez Andrade,#N/A,#N/A,#N/A,0.8179941819529207,0.6281713914617608,#VALUE!,#VALUE!
Landon Emenalo,#N/A,#N/A,#N/A,0.8179941819529207,0.6281713914617608,#VALUE!,#VALUE!
Moises Caicedo,0.5734631496452305,1.153363571294739,1.115426656310545,0.8179941819529207,0.6281713914617608,#VALUE!,#VALUE!
Mykhailo Mudryk,#N/A,#N/A,#N/A,0.8179941819529207,0.6281713914617608,#VALUE!,#VALUE!
Pedro Neto,1.146926299290461,1.783594379895078,0.8387316717994017,0.8179941819529207,0.6281713914617608,#VALUE!,#VALUE!
Roméo Lavia,#N/A,#N/A,#N/A,0.8179941819529207,0.6281713914617608,#VALUE!,#VALUE!
Joao Pedro,1.801454920351509,1.513352807183703,0.6597340589153831,0.8179941819529207,0.6281713914617608,#VALUE!,#VALUE!
Liam Delap,1.801454920351509,1.513352807183703,1.050450346234202,0.8179941819529207,0.6281713914617608,#VALUE!,#VALUE!
Marc Guiu,1.720389448935691,1.664688087902073,0.7897546398695097,0.8179941819529207,0.6281713914617608,#VALUE!,#VALUE!
Nicolas Jackson,#N/A,#N/A,#N/A,0.8179941819529207,0.6281713914617608,#VALUE!,#VALUE!
Dean Henderson,#N/A,#N/A,#N/A,0.7865989510833108,0.6863311047393179,0.96668404646144,-0.1818503571017272
Remi Matthews,#N/A,#N/A,#N/A,0.7865989510833108,0.6863311047393179,0.96668404646144,-0.1818503571017272
Walter Benítez,#N/A,#N/A,#N/A,0.7865989510833108,0.6863311047393179,0.96668404646144,-0.1818503571017272
Borna Sosa,0.4439753212665045,1.517081616375478,1.137906776602211,0.7865989510833108,0.6863311047393179,#VALUE!,#VALUE!
Caleb Kporha,0.5223239073723581,1.09482723315097,1.075384426239452,0.7865989510833108,0.6863311047393179,#VALUE!,#VALUE!
Chadi Riad,0.4673424434384257,0.8211204248632276,1.041063646678618,0.7865989510833108,0.6863311047393179,#VALUE!,#VALUE!
Chris Richards,0.4439753212665045,0.8211204248632276,0.8021310064572962,0.7865989510833108,0.6863311047393179,#VALUE!,#VALUE!
Daniel Munoz,0.7399588687775074,1.824712055251617,1.294444216769711,0.7865989510833108,0.6863311047393179,#VALUE!,#VALUE!
Danny Imray,#N/A,#N/A,#N/A,0.7865989510833108,0.6863311047393179,#VALUE!,#VALUE!
Dean Benamar,0.295983547511003,#N/A,#N/A,0.7865989510833108,0.6863311047393179,#VALUE!,#VALUE!
George King,0.3415194778973111,#N/A,#N/A,0.7865989510833108,0.6863311047393179,#VALUE!,#VALUE!
Jaydee Canvot,0.3699794343887537,0.8211204248632276,0.9500969202698071,0.7865989510833108,0.6863311047393179,#VALUE!,#VALUE!
Maxence Lacroix,0.4933059125183383,0.8758617865207761,1.030105081976738,0.7865989510833108,0.6863311047393179,#VALUE!,#VALUE!
Nathaniel Clyne,0.4933059125183383,1.564038904501386,0.8896362071617284,0.7865989510833108,0.6863311047393179,#VALUE!,#VALUE!
Rob Holding,#N/A,#N/A,#N/A,0.7865989510833108,0.6863311047393179,#VALUE!,#VALUE!
Tyrick Mitchell,0.295983547511003,1.751723573041552,0.8021310064572962,0.7865989510833108,0.6863311047393179,#VALUE!,#VALUE!
Adam Wharton,0.4933059125183383,1.9905949693654,1.087333142086557,0.7865989510833108,0.6863311047393179,#VALUE!,#VALUE!
Asher Agbinone,#N/A,#N/A,#N/A,0.7865989510833108,0.6863311047393179,#VALUE!,#VALUE!
Brennan Johnson,1.541580976619807,1.876846685401663,0.9061109517387974,0.7865989510833108,0.6863311047393179,#VALUE!,#VALUE!
Cheick Doucoure,#N/A,#N/A,#N/A,0.7865989510833108,0.6863311047393179,#VALUE!,#VALUE!
Daichi Kamada,0.7399588687775074,1.19435698161924,0.9594115959587267,0.7865989510833108,0.6863311047393179,#VALUE!,#VALUE!
David Ozoh,#N/A,#N/A,#N/A,0.7865989510833108,0.6863311047393179,#VALUE!,#VALUE!
Evann Guessand,1.61445571369638,2.052801062158069,0.8660175467946029,0.7865989510833108,0.6863311047393179,#VALUE!,#VALUE!
Franco Umeh-Chibueze,#N/A,#N/A,#N/A,0.7865989510833108,0.6863311047393179,#VALUE!,#VALUE!
Ismaila Sarr,1.541580976619807,2.119020451259942,0.8154998565649176,0.7865989510833108,0.6863311047393179,#VALUE!,#VALUE!
Jefferson Lerma,0.591967095022006,1.459769644201294,1.406034235456755,0.7865989510833108,0.6863311047393179,#VALUE!,#VALUE!
Jesurun Rak-Sakyi,#N/A,#N/A,#N/A,0.7865989510833108,0.6863311047393179,#VALUE!,#VALUE!
Joél Drakes-Thomas,#N/A,#N/A,#N/A,0.7865989510833108,0.6863311047393179,#VALUE!,#VALUE!
Justin Devenny,1.109938303166261,1.876846685401663,1.235605843280178,0.7865989510833108,0.6863311047393179,#VALUE!,#VALUE!
Kaden Rodney,0.4439753212665045,1.09482723315097,1.087333142086557,0.7865989510833108,0.6863311047393179,#VALUE!,#VALUE!
Malcolm Ebiowei,#N/A,#N/A,#N/A,0.7865989510833108,0.6863311047393179,#VALUE!,#VALUE!
Matheus França de Oliveira,#N/A,#N/A,#N/A,0.7865989510833108,0.6863311047393179,#VALUE!,#VALUE!
Naouirou Ahamada,#N/A,#N/A,#N/A,0.7865989510833108,0.6863311047393179,#VALUE!,#VALUE!
Rio Cardines,0.591967095022006,1.932048058501712,1.019374820706147,0.7865989510833108,0.6863311047393179,#VALUE!,#VALUE!
Romain Esse,#N/A,#N/A,#N/A,0.7865989510833108,0.6863311047393179,#VALUE!,#VALUE!
Will Hughes,0.4933059125183383,1.751723573041552,1.43070150274547,0.7865989510833108,0.6863311047393179,#VALUE!,#VALUE!
Yeremy Pino,1.183934190044012,2.052801062158069,1.267616357354794,0.7865989510833108,0.6863311047393179,#VALUE!,#VALUE!
Ben Casey,1.432178455698401,#N/A,#N/A,0.7865989510833108,0.6863311047393179,#VALUE!,#VALUE!
Christantus Uche,1.707597389486555,2.737068082877425,1.280889827065316,0.7865989510833108,0.6863311047393179,#VALUE!,#VALUE!
Eddie Nketiah,#N/A,#N/A,#N/A,0.7865989510833108,0.6863311047393179,#VALUE!,#VALUE!
Jean-Philippe Mateta,#N/A,#N/A,#N/A,0.7865989510833108,0.6863311047393179,#VALUE!,#VALUE!
Jorgen Strand Larsen,1.973223650073353,1.751723573041552,0.730298379013359,0.7865989510833108,0.6863311047393179,#VALUE!,#VALUE!
Odsonne Édouard,#N/A,#N/A,#N/A,0.7865989510833108,0.6863311047393179,#VALUE!,#VALUE!
Zach Marsh,#N/A,#N/A,#N/A,0.7865989510833108,0.6863311047393179,#VALUE!,#VALUE!
Harry Tyrer,#N/A,#N/A,#N/A,1.034655837199267,0.875506468599454,0.887167445841401,-135.6848022630101
Jordan Pickford,#N/A,#N/A,#N/A,1.034655837199267,0.875506468599454,0.887167445841401,-135.6848022630101
Mark Travers,#N/A,#N/A,#N/A,1.034655837199267,0.875506468599454,0.887167445841401,-135.6848022630101
Tom King,#N/A,#N/A,#N/A,1.034655837199267,0.875506468599454,0.887167445841401,-135.6848022630101
Adam Aznou,0.482771698555852,1.139714809937673,1.051107560213164,1.034655837199267,0.875506468599454,#VALUE!,#VALUE!
Elijah Campbell,#N/A,#N/A,#N/A,1.034655837199267,0.875506468599454,#VALUE!,#VALUE!
Jake O'Brien,#N/A,#N/A,#N/A,1.034655837199267,0.875506468599454,#VALUE!,#VALUE!
James Tarkowski,0.482771698555852,1.036104372670612,1.197094721353881,1.034655837199267,0.875506468599454,#VALUE!,#VALUE!
Jarrad Branthwaite,0.4259750281375165,1.036104372670612,0.8450080386027395,1.034655837199267,0.875506468599454,#VALUE!,#VALUE!
Michael Keane,1.034510782619683,1.139714809937673,1.363778796479105,1.034655837199267,0.875506468599454,#VALUE!,#VALUE!
Nathan Patterson,0.5172553913098414,2.072208745341223,1.064084196759005,1.034655837199267,0.875506468599454,#VALUE!,#VALUE!
Reece Welch,#N/A,#N/A,#N/A,1.034655837199267,0.875506468599454,#VALUE!,#VALUE!
Roman Dixon,#N/A,#N/A,#N/A,1.034655837199267,0.875506468599454,#VALUE!,#VALUE!
Séamus Coleman,#N/A,#N/A,#N/A,1.034655837199267,0.875506468599454,#VALUE!,#VALUE!
Vitalii Mykolenko,0.3811355514914621,1.519619746583564,0.8619081993747943,1.034655837199267,0.875506468599454,#VALUE!,#VALUE!
Callum Bates,#N/A,#N/A,#N/A,1.034655837199267,0.875506468599454,#VALUE!,#VALUE!
Charly Alcaraz,1.609238995186173,3.039239493167127,1.298054517130715,1.034655837199267,0.875506468599454,#VALUE!,#VALUE!
Coby Ebere,#N/A,#N/A,#N/A,1.034655837199267,0.875506468599454,#VALUE!,#VALUE!
Dwight McNeil,1.316650086970506,3.352102382169626,0.7304306774362663,1.034655837199267,0.875506468599454,#VALUE!,#VALUE!
Harrison Armstrong,1.20692924638963,2.632135819717489,1.152283689003736,1.034655837199267,0.875506468599454,#VALUE!,#VALUE!
Idrissa Gueye,0.6583250434852528,2.072208745341223,1.355201571344016,1.034655837199267,0.875506468599454,#VALUE!,#VALUE!
Iliman Ndiaye,1.931086794223408,2.632135819717489,0.7560598240129774,1.034655837199267,0.875506468599454,#VALUE!,#VALUE!
Isaac Heath,#N/A,#N/A,#N/A,1.034655837199267,0.875506468599454,#VALUE!,#VALUE!
Jack Grealish,#N/A,#N/A,#N/A,1.034655837199267,0.875506468599454,#VALUE!,#VALUE!
James Garner,0.6034646231948151,2.279429619875346,1.15847876260053,1.034655837199267,0.875506468599454,#VALUE!,#VALUE!
Jenson Metcalfe,#N/A,#N/A,#N/A,1.034655837199267,0.875506468599454,#VALUE!,#VALUE!
Kiernan Dewsbury-Hall,1.448315095667556,2.849287024844182,0.9684361790728025,1.034655837199267,0.875506468599454,#VALUE!,#VALUE!
Merlin Röhl,#N/A,#N/A,#N/A,1.034655837199267,0.875506468599454,#VALUE!,#VALUE!
Tim Iroegbunam,0.6034646231948151,1.753407399904112,1.690016077205479,1.034655837199267,0.875506468599454,#VALUE!,#VALUE!
Tyler Dibling,1.609238995186173,1.899524683229455,1.038443613704571,1.034655837199267,0.875506468599454,#VALUE!,#VALUE!
Tyler Onyango,#N/A,#N/A,#N/A,1.034655837199267,0.875506468599454,#VALUE!,#VALUE!
Tyrique George,1.810393869584445,2.532699577639273,1.077385249218493,1.034655837199267,0.875506468599454,#VALUE!,#VALUE!
Beto,2.41385849277926,1.753407399904112,0.7560598240129774,1.034655837199267,0.875506468599454,#VALUE!,#VALUE!
Braiden Graham,#N/A,#N/A,#N/A,1.034655837199267,0.875506468599454,#VALUE!,#VALUE!
Martin Sherif,#N/A,#N/A,#N/A,1.034655837199267,0.875506468599454,#VALUE!,#VALUE!
Thierno Barry,2.069021565239366,1.424643512422091,1.026081189731898,1.034655837199267,0.875506468599454,#VALUE!,#VALUE!
Youssef Ramalho Chermiti,#N/A,#N/A,#N/A,1.034655837199267,0.875506468599454,#VALUE!,#VALUE!
Alfie McNally,#N/A,#N/A,#N/A,0.8885515676179382,0.7430085837838654,0.8553114706172575,-0.8863203082023876
Benjamin Lecomte,#N/A,#N/A,#N/A,0.8885515676179382,0.7430085837838654,0.8553114706172575,-0.8863203082023876
Bernd Leno,#N/A,#N/A,#N/A,0.8885515676179382,0.7430085837838654,0.8553114706172575,-0.8863203082023876
Steven Benda,#N/A,#N/A,#N/A,0.8885515676179382,0.7430085837838654,0.8553114706172575,-0.8863203082023876
Antonee Robinson,0.3064833178492303,2.580636032597288,1.059866594839747,0.8885515676179382,0.7430085837838654,#VALUE!,#VALUE!
Calvin Bassey,0.378597039696108,0.9677385122239829,1.072636071886008,0.8885515676179382,0.7430085837838654,#VALUE!,#VALUE!
Issa Diop,0.378597039696108,0.9677385122239829,1.059866594839747,0.8885515676179382,0.7430085837838654,#VALUE!,#VALUE!
Joachim Andersen,0.3387447197280967,0.8797622838399844,1.023319470879755,0.8885515676179382,0.7430085837838654,#VALUE!,#VALUE!
Jorge Cuenca,0.4950884365256797,0.9677385122239829,1.124100933920943,0.8885515676179382,0.7430085837838654,#VALUE!,#VALUE!
Kenny Tete,0.3064833178492303,1.759524567679969,1.099120913167145,0.8885515676179382,0.7430085837838654,#VALUE!,#VALUE!
Samuel Amissah,0.3064833178492303,0.4838692561119914,1.085716999591936,0.8885515676179382,0.7430085837838654,#VALUE!,#VALUE!
Timothy Castagne,0.357563870824102,1.488828480344589,0.9371451996477759,0.8885515676179382,0.7430085837838654,#VALUE!,#VALUE!
Alex Iwobi,0.9194499535476909,2.150530027164407,0.483852141122493,0.8885515676179382,0.7430085837838654,#VALUE!,#VALUE!
Andreas Hoelgebaum Pereira,#N/A,#N/A,#N/A,0.8885515676179382,0.7430085837838654,#VALUE!,#VALUE!
Emile Smith Rowe,1.430255483296408,1.612897520373305,0.6097862600447856,0.8885515676179382,0.7430085837838654,#VALUE!,#VALUE!
Harrison Reed,0.536345806236153,1.488828480344589,1.099120913167145,0.8885515676179382,0.7430085837838654,#VALUE!,#VALUE!
Harry Wilson,1.71630657995569,2.688162533955508,0.9572988598552548,0.8885515676179382,0.7430085837838654,#VALUE!,#VALUE!
Josh King,1.287229934966767,1.612897520373305,1.072636071886008,0.8885515676179382,0.7430085837838654,#VALUE!,#VALUE!
Kevin,1.287229934966767,2.304139314819007,1.085716999591936,0.8885515676179382,0.7430085837838654,#VALUE!,#VALUE!
Luke Harris,#N/A,#N/A,#N/A,0.8885515676179382,0.7430085837838654,#VALUE!,#VALUE!
Martial Godo,#N/A,#N/A,#N/A,0.8885515676179382,0.7430085837838654,#VALUE!,#VALUE!
Oscar Bobb,1.287229934966767,2.234961921995342,0.8320448034255955,0.8885515676179382,0.7430085837838654,#VALUE!,#VALUE!
Ryan Sessegnon,1.072691612472306,1.612897520373305,0.8728313133974384,0.8885515676179382,0.7430085837838654,#VALUE!,#VALUE!
Samuel Chukwueze,1.287229934966767,2.150530027164407,0.8728313133974384,0.8885515676179382,0.7430085837838654,#VALUE!,#VALUE!
Sander Berge,0.4597249767738454,0.9677385122239829,1.190224518269234,0.8885515676179382,0.7430085837838654,#VALUE!,#VALUE!
Sasa Lukic,0.715127741648204,1.382483588891404,1.524465650111964,0.8885515676179382,0.7430085837838654,#VALUE!,#VALUE!
Seth Ridgeon,0.9901768730513595,#N/A,#N/A,0.8885515676179382,0.7430085837838654,#VALUE!,#VALUE!
Tom Cairney,0.8045187093542295,1.759524567679969,1.000323527713918,0.8885515676179382,0.7430085837838654,#VALUE!,#VALUE!
Jonah Kusi-Asare,1.486408700885413,2.419346280559957,0.9471148294312629,0.8885515676179382,0.7430085837838654,#VALUE!,#VALUE!
Raul Jimenez,2.145383224944612,1.935477024447966,1.099120913167145,0.8885515676179382,0.7430085837838654,#VALUE!,#VALUE!
Rodrigo Muniz,2.234774192650637,1.382483588891404,0.8992807471367545,0.8885515676179382,0.7430085837838654,#VALUE!,#VALUE!
Alex Cairns,#N/A,#N/A,#N/A,1.013779981026213,0.8855036103870383,0.9274347697826646,3.825052830803417
Illan Meslier,#N/A,#N/A,#N/A,1.013779981026213,0.8855036103870383,0.9274347697826646,3.825052830803417
Karl Darlow,#N/A,#N/A,#N/A,1.013779981026213,0.8855036103870383,0.9274347697826646,3.825052830803417
Lucas Perri,#N/A,#N/A,#N/A,1.013779981026213,0.8855036103870383,0.9274347697826646,3.825052830803417
Gabriel Gudmundsson,0.5101372463206848,1.684526498069483,0.8658748121212065,1.013779981026213,0.8855036103870383,#VALUE!,#VALUE!
Isaac Schmidt,#N/A,#N/A,#N/A,1.013779981026213,0.8855036103870383,#VALUE!,#VALUE!
Jaka Bijol,0.5465756210578766,1.473960685810797,1.29881221818181,1.013779981026213,0.8855036103870383,#VALUE!,#VALUE!
James Justin,0.7652058694810273,2.143942815724796,0.931756591304342,1.013779981026213,0.8855036103870383,#VALUE!,#VALUE!
Jayden Bogle,0.7652058694810273,1.814105459459443,1.290988048192763,1.013779981026213,0.8855036103870383,#VALUE!,#VALUE!
Joe Rodon,0.5886198996007903,0.9826404572071982,0.931756591304342,1.013779981026213,0.8855036103870383,#VALUE!,#VALUE!
Pascal Struijk,0.7652058694810273,0.9826404572071982,0.7864367559632977,1.013779981026213,0.8855036103870383,#VALUE!,#VALUE!
Sam Byram,0.3826029347405137,1.965280914414396,1.03279043855421,1.013779981026213,0.8855036103870383,#VALUE!,#VALUE!
Sebastiaan Bornauw,0.5886198996007903,1.814105459459443,1.164695739130427,1.013779981026213,0.8855036103870383,#VALUE!,#VALUE!
Anton Stach,1.02027449264137,3.369052996138965,1.139914978723397,1.013779981026213,0.8855036103870383,#VALUE!,#VALUE!
Ao Tanaka,0.9565073368512841,1.572224731531517,0.985305820689649,1.013779981026213,0.8855036103870383,#VALUE!,#VALUE!
Brenden Aaronson,1.700457487735616,2.620374552552529,0.5425418126582243,1.013779981026213,0.8855036103870383,#VALUE!,#VALUE!
Charlie Crew,#N/A,#N/A,#N/A,1.013779981026213,0.8855036103870383,#VALUE!,#VALUE!
Daniel James,1.700457487735616,2.620374552552529,0.6969236292682882,1.013779981026213,0.8855036103870383,#VALUE!,#VALUE!
Darko Gyabi,#N/A,#N/A,#N/A,1.013779981026213,0.8855036103870383,#VALUE!,#VALUE!
Ethan Ampadu,0.3826029347405137,1.241230051209092,1.356354531645561,1.013779981026213,0.8855036103870383,#VALUE!,#VALUE!
Facundo Buonanotte,1.700457487735616,2.620374552552529,1.409894842105254,1.013779981026213,0.8855036103870383,#VALUE!,#VALUE!
Ilia Gruev,0.5101372463206848,2.143942815724796,1.158400086486479,1.013779981026213,0.8855036103870383,#VALUE!,#VALUE!
Jack Harrison,#N/A,#N/A,#N/A,1.013779981026213,0.8855036103870383,#VALUE!,#VALUE!
Joe Gelhardt,#N/A,#N/A,#N/A,1.013779981026213,0.8855036103870383,#VALUE!,#VALUE!
Largie Ramazani,#N/A,#N/A,#N/A,1.013779981026213,0.8855036103870383,#VALUE!,#VALUE!
Noah Okafor,1.700457487735616,2.72325299918854,0.7389793655172366,1.013779981026213,0.8855036103870383,#VALUE!,#VALUE!
Sam Chambers,#N/A,#N/A,#N/A,1.013779981026213,0.8855036103870383,#VALUE!,#VALUE!
Sam Greenwood,#N/A,#N/A,#N/A,1.013779981026213,0.8855036103870383,#VALUE!,#VALUE!
Sean Longstaff,0.9002421993894438,2.620374552552529,0.9967628651162728,1.013779981026213,0.8855036103870383,#VALUE!,#VALUE!
Wilfried Gnonto,1.700457487735616,2.620374552552529,1.231632275862061,1.013779981026213,0.8855036103870383,#VALUE!,#VALUE!
Dominic Calvert-Lewin,2.468406030583959,1.572224731531517,0.6593969723076881,1.013779981026213,0.8855036103870383,#VALUE!,#VALUE!
Harry Gray,#N/A,#N/A,#N/A,1.013779981026213,0.8855036103870383,#VALUE!,#VALUE!
Joel Piroe,2.040548985282739,1.965280914414396,0.6913032774193504,1.013779981026213,0.8855036103870383,#VALUE!,#VALUE!
Lukas Nmecha,2.040548985282739,2.143942815724796,1.164695739130427,1.013779981026213,0.8855036103870383,#VALUE!,#VALUE!
Mateo Joseph Fernández-Regatillo,#N/A,#N/A,#N/A,1.013779981026213,0.8855036103870383,#VALUE!,#VALUE!
Patrick Bamford,#N/A,#N/A,#N/A,1.013779981026213,0.8855036103870383,#VALUE!,#VALUE!
Alisson Becker,#N/A,#N/A,#N/A,1.022990166869878,0.769878133309803,0.9444907894306042,-0.30993768614202
Freddie Woodman,#N/A,#N/A,#N/A,1.022990166869878,0.769878133309803,0.9444907894306042,-0.30993768614202
Giorgi Mamardashvili,#N/A,#N/A,#N/A,1.022990166869878,0.769878133309803,0.9444907894306042,-0.30993768614202
Ármin Pécsi,#N/A,#N/A,#N/A,1.022990166869878,0.769878133309803,0.9444907894306042,-0.30993768614202
Amara Nallo,#N/A,#N/A,#N/A,1.022990166869878,0.769878133309803,#VALUE!,#VALUE!
Andrew Robertson,#N/A,#N/A,#N/A,1.022990166869878,0.769878133309803,#VALUE!,#VALUE!
Calvin Ramsay,0.4312839161135144,1.387913545558183,1.246577664680619,1.022990166869878,0.769878133309803,#VALUE!,#VALUE!
Conor Bradley,#N/A,#N/A,#N/A,1.022990166869878,0.769878133309803,#VALUE!,#VALUE!
Giovanni Leoni,#N/A,#N/A,#N/A,1.022990166869878,0.769878133309803,#VALUE!,#VALUE!
Ibrahima Konate,0.364932544403743,0.8674459659738644,1.159467418233057,1.022990166869878,0.769878133309803,#VALUE!,#VALUE!
Jeremie Frimpong,0.6325497436331544,2.102899311451793,1.081301075430828,1.022990166869878,0.769878133309803,#VALUE!,#VALUE!
Joe Gomez,0.364932544403743,1.850551394077577,1.159467418233057,1.022990166869878,0.769878133309803,#VALUE!,#VALUE!
Konstantinos Tsimikas,#N/A,#N/A,#N/A,1.022990166869878,0.769878133309803,#VALUE!,#VALUE!
Milos Kerkez,0.364932544403743,1.387913545558183,1.145664234682664,1.022990166869878,0.769878133309803,#VALUE!,#VALUE!
Rhys Williams,#N/A,#N/A,#N/A,1.022990166869878,0.769878133309803,#VALUE!,#VALUE!
Virgil van Dijk,0.5930153846560823,0.7304808134516753,0.8993999599377921,1.022990166869878,0.769878133309803,#VALUE!,#VALUE!
Wellity Lucky,#N/A,#N/A,#N/A,1.022990166869878,0.769878133309803,#VALUE!,#VALUE!
Alexis Mac Allister,0.8625678322270288,1.387913545558183,1.398776100484647,1.022990166869878,0.769878133309803,#VALUE!,#VALUE!
Cody Gakpo,1.459730177614972,2.102899311451793,0.8669891505706644,1.022990166869878,0.769878133309803,#VALUE!,#VALUE!
Curtis Jones,0.9488246154497316,1.542126161731314,0.981997915442283,1.022990166869878,0.769878133309803,#VALUE!,#VALUE!
Dominik Szoboszlai,1.186030769312165,2.04104933170321,1.057536216630151,1.022990166869878,0.769878133309803,#VALUE!,#VALUE!
Endo Wataru,#N/A,#N/A,#N/A,1.022990166869878,0.769878133309803,#VALUE!,#VALUE!
Federico Chiesa,1.355463736356759,2.168614914934661,0.9720787445792296,1.022990166869878,0.769878133309803,#VALUE!,#VALUE!
Florian Wirtz,1.054249572721924,2.313189242596972,0.8296189285633081,1.022990166869878,0.769878133309803,#VALUE!,#VALUE!
James McConnell,#N/A,#N/A,#N/A,1.022990166869878,0.769878133309803,#VALUE!,#VALUE!
Kieran Morrison,0.7298650888074859,2.478417045639613,0.9720787445792296,1.022990166869878,0.769878133309803,#VALUE!,#VALUE!
Luis Díaz Marulanda,#N/A,#N/A,#N/A,1.022990166869878,0.769878133309803,#VALUE!,#VALUE!
Mohamed Salah,1.976717948853608,2.478417045639613,0.609087314641416,1.022990166869878,0.769878133309803,#VALUE!,#VALUE!
Rio Ngumoha,1.317811965902405,2.168614914934661,0.9343281137217838,1.022990166869878,0.769878133309803,#VALUE!,#VALUE!
Ryan Gravenberch,0.6325497436331544,1.261739586871075,1.057536216630151,1.022990166869878,0.769878133309803,#VALUE!,#VALUE!
Stefan Bajčetić Maquieira,#N/A,#N/A,#N/A,1.022990166869878,0.769878133309803,#VALUE!,#VALUE!
Trey Nyoni,0.8625678322270288,1.387913545558183,0.9165313877461307,1.022990166869878,0.769878133309803,#VALUE!,#VALUE!
Tyler Morton,#N/A,#N/A,#N/A,1.022990166869878,0.769878133309803,#VALUE!,#VALUE!
Alexander Isak,#N/A,#N/A,#N/A,1.022990166869878,0.769878133309803,#VALUE!,#VALUE!
Darwin Núñez Ribeiro,#N/A,#N/A,#N/A,1.022990166869878,0.769878133309803,#VALUE!,#VALUE!
Hugo Ekitike,2.108499145443848,2.04104933170321,0.8669891505706644,1.022990166869878,0.769878133309803,#VALUE!,#VALUE!
Jayden Danns,#N/A,#N/A,#N/A,1.022990166869878,0.769878133309803,#VALUE!,#VALUE!
Ederson,#N/A,#N/A,#N/A,1.087255991755461,0.7180822915168759,1.054166420673179,-0.193397547208158
Gianluigi Donnarumma,#N/A,#N/A,#N/A,1.087255991755461,0.7180822915168759,1.054166420673179,-0.193397547208158
James Trafford,#N/A,#N/A,#N/A,1.087255991755461,0.7180822915168759,1.054166420673179,-0.193397547208158
Marcus Bettinelli,#N/A,#N/A,#N/A,1.087255991755461,0.7180822915168759,1.054166420673179,-0.193397547208158
Abduqodir Khusanov,#N/A,#N/A,#N/A,1.087255991755461,0.7180822915168759,#VALUE!,#VALUE!
John Stones,0.4614647055020539,0.8731825392604498,0.8553594159591497,1.087255991755461,0.7180822915168759,#VALUE!,#VALUE!
Josko Gvardiol,#N/A,#N/A,#N/A,1.087255991755461,0.7180822915168759,#VALUE!,#VALUE!
Manuel Akanji,#N/A,#N/A,#N/A,1.087255991755461,0.7180822915168759,#VALUE!,#VALUE!
Marc Guehi,0.6921970582530808,1.3582839499607,0.9441231289360427,1.087255991755461,0.7180822915168759,#VALUE!,#VALUE!
Matheus Nunes,0.5191477936898106,1.910086804632234,1.50718451306055,1.087255991755461,0.7180822915168759,#VALUE!,#VALUE!
Max Alleyne,0.2966558821084632,0.8731825392604498,0.9352995482917806,1.087255991755461,0.7180822915168759,#VALUE!,#VALUE!
Nathan Ake,0.3775620317744077,1.018712962470525,1.021194404767556,1.087255991755461,0.7180822915168759,#VALUE!,#VALUE!
Nico O'Reilly,0.6389511306951515,1.62994073995284,1.010879309769904,1.087255991755461,0.7180822915168759,#VALUE!,#VALUE!
Rayan Ait Nouri,#N/A,#N/A,#N/A,1.087255991755461,0.7180822915168759,#VALUE!,#VALUE!
Rico Lewis,0.4886096881786453,2.122318671813593,1.191393472228816,1.087255991755461,0.7180822915168759,#VALUE!,#VALUE!
Ruben Dias,0.3194755653475758,0.8731825392604498,1.064649485821495,1.087255991755461,0.7180822915168759,#VALUE!,#VALUE!
Stephen Mfuni,0.4153182349518485,#N/A,#N/A,1.087255991755461,0.7180822915168759,#VALUE!,#VALUE!
Vitor de Oliveira Nunes dos Reis,#N/A,#N/A,#N/A,1.087255991755461,0.7180822915168759,#VALUE!,#VALUE!
Antoine Semenyo,1.661272939807394,1.7463650785209,1.010879309769904,1.087255991755461,0.7180822915168759,#VALUE!,#VALUE!
Bernardo Silva,0.7551240635488154,1.411611495340219,1.345121662193824,1.087255991755461,0.7180822915168759,#VALUE!,#VALUE!
Charlie Gray,#N/A,#N/A,#N/A,1.087255991755461,0.7180822915168759,#VALUE!,#VALUE!
Claudio Echeverri,#N/A,#N/A,#N/A,1.087255991755461,0.7180822915168759,#VALUE!,#VALUE!
Divine Mukasa,#N/A,#N/A,#N/A,1.087255991755461,0.7180822915168759,#VALUE!,#VALUE!
Ilkay Gundogan,#N/A,#N/A,#N/A,1.087255991755461,0.7180822915168759,#VALUE!,#VALUE!
Jeremy Doku,1.153661763755135,2.546782406176312,0.9441231289360427,1.087255991755461,0.7180822915168759,#VALUE!,#VALUE!
Kalvin Phillips,#N/A,#N/A,#N/A,1.087255991755461,0.7180822915168759,#VALUE!,#VALUE!
Mateo Kovačić,#N/A,#N/A,#N/A,1.087255991755461,0.7180822915168759,#VALUE!,#VALUE!
Nico Gonzalez,0.6921970582530808,1.3582839499607,1.471721348047361,1.087255991755461,0.7180822915168759,#VALUE!,#VALUE!
Omar Marmoush,2.174441020690306,1.971702508007467,0.8203037021903322,1.087255991755461,0.7180822915168759,#VALUE!,#VALUE!
Phil Foden,1.442077204693918,2.546782406176312,0.9441231289360427,1.087255991755461,0.7180822915168759,#VALUE!,#VALUE!
Rayan Cherki,1.483279410542316,2.7165678999214,1.076097329755059,1.087255991755461,0.7180822915168759,#VALUE!,#VALUE!
Reigan Heskey,#N/A,#N/A,#N/A,1.087255991755461,0.7180822915168759,#VALUE!,#VALUE!
Rodri,0.7551240635488154,1.62994073995284,1.20574761044844,1.087255991755461,0.7180822915168759,#VALUE!,#VALUE!
Ryan McAidoo,0.7551240635488154,#N/A,#N/A,1.087255991755461,0.7180822915168759,#VALUE!,#VALUE!
Savinho,1.153661763755135,2.182956348151125,0.9716218608468011,1.087255991755461,0.7180822915168759,#VALUE!,#VALUE!
Sverre Nypan,#N/A,#N/A,#N/A,1.087255991755461,0.7180822915168759,#VALUE!,#VALUE!
Tijjani Reijnders,1.186623528433853,1.62994073995284,1.031722182136294,1.087255991755461,0.7180822915168759,#VALUE!,#VALUE!
Erling Haaland,2.645339076126423,1.45530423210075,0.7358606740236803,1.087255991755461,0.7180822915168759,#VALUE!,#VALUE!
Altay Bayindir,#N/A,#N/A,#N/A,1.068225106392486,0.8832706877023728,0.8807187428237019,-0.3086532090026804
Andre Onana,#N/A,#N/A,#N/A,1.068225106392486,0.8832706877023728,0.8807187428237019,-0.3086532090026804
Dermot Mee,#N/A,#N/A,#N/A,1.068225106392486,0.8832706877023728,0.8807187428237019,-0.3086532090026804
Elyh Harrison,#N/A,#N/A,#N/A,1.068225106392486,0.8832706877023728,0.8807187428237019,-0.3086532090026804
Senne Lammens,#N/A,#N/A,#N/A,1.068225106392486,0.8832706877023728,0.8807187428237019,-0.3086532090026804
Tom Heaton,#N/A,#N/A,#N/A,1.068225106392486,0.8832706877023728,0.8807187428237019,-0.3086532090026804
Ayden Heaven,0.4506616103008775,0.5596489271845595,1.17284704968594,1.068225106392486,0.8832706877023728,#VALUE!,#VALUE!
Diego León Blanco,#N/A,#N/A,#N/A,1.068225106392486,0.8832706877023728,#VALUE!,#VALUE!
Diogo Dalot,0.4957277713309652,2.020954459277576,0.9313785394564814,1.068225106392486,0.8832706877023728,#VALUE!,#VALUE!
Godwill Kukonki,#N/A,#N/A,#N/A,1.068225106392486,0.8832706877023728,#VALUE!,#VALUE!
Harry Amass,#N/A,#N/A,#N/A,1.068225106392486,0.8832706877023728,#VALUE!,#VALUE!
Harry Maguire,0.5508086348121837,0.4850290702266182,1.067422595781585,1.068225106392486,0.8832706877023728,#VALUE!,#VALUE!
Leny Yoro,0.4131064761091377,0.6062863377832728,0.8558613605816315,1.068225106392486,0.8832706877023728,#VALUE!,#VALUE!
Lisandro Martinez,0.4131064761091377,0.6062863377832728,1.091961046259323,1.068225106392486,0.8832706877023728,#VALUE!,#VALUE!
Luke Shaw,0.4506616103008775,1.680239273302373,1.17284704968594,1.068225106392486,0.8832706877023728,#VALUE!,#VALUE!
Matthijs de Ligt,0.4506616103008775,0.4850290702266182,0.8878561777996365,1.068225106392486,0.8832706877023728,#VALUE!,#VALUE!
Noussair Mazraoui,0.3540912652364037,1.322806555163504,0.8482197412907241,1.068225106392486,0.8832706877023728,#VALUE!,#VALUE!
Patrick Dorgu,#N/A,#N/A,#N/A,1.068225106392486,0.8832706877023728,#VALUE!,#VALUE!
Tyler Fredricson,#N/A,#N/A,#N/A,1.068225106392486,0.8832706877023728,#VALUE!,#VALUE!
Tyrell Malacia,0.4506616103008775,1.322806555163504,1.117654247347778,1.068225106392486,0.8832706877023728,#VALUE!,#VALUE!
Amad Diallo,1.377021587030459,2.273573766687273,0.8260922697787922,1.068225106392486,0.8832706877023728,#VALUE!,#VALUE!
Antony dos Santos,#N/A,#N/A,#N/A,1.068225106392486,0.8832706877023728,#VALUE!,#VALUE!
Bendito Mantato,#N/A,#N/A,#N/A,1.068225106392486,0.8832706877023728,#VALUE!,#VALUE!
Bruno Fernandes,1.652425904436551,3.031431688916364,0.8050899239369584,1.068225106392486,0.8832706877023728,#VALUE!,#VALUE!
Bryan Mbeumo,1.982911085323861,2.078696015256935,0.6934351169675993,1.068225106392486,0.8832706877023728,#VALUE!,#VALUE!
Casemiro,0.9914555426619305,1.322806555163504,1.475164767462129,1.068225106392486,0.8832706877023728,#VALUE!,#VALUE!
Jack Fletcher,0.6609703617746203,2.139834133352728,0.9223360293646709,1.068225106392486,0.8832706877023728,#VALUE!,#VALUE!
Jack Moorhouse,#N/A,#N/A,#N/A,1.068225106392486,0.8832706877023728,#VALUE!,#VALUE!
Jayce Fitzgerald,#N/A,#N/A,#N/A,1.068225106392486,0.8832706877023728,#VALUE!,#VALUE!
Kobbie Mainoo,0.6196597141637066,1.212572675566546,0.9223360293646709,1.068225106392486,0.8832706877023728,#VALUE!,#VALUE!
Manuel Ugarte,0.4957277713309652,1.322806555163504,1.304953448139575,1.068225106392486,0.8832706877023728,#VALUE!,#VALUE!
Marcus Rashford,#N/A,#N/A,#N/A,1.068225106392486,0.8832706877023728,#VALUE!,#VALUE!
Mason Mount,1.239319428327413,2.139834133352728,1.130959655054299,1.068225106392486,0.8832706877023728,#VALUE!,#VALUE!
Matheus Cunha,1.80264644120351,2.078696015256935,0.8715652387574412,1.068225106392486,0.8832706877023728,#VALUE!,#VALUE!
Shea Lacey,1.239319428327413,2.139834133352728,0.7851290167319099,1.068225106392486,0.8832706877023728,#VALUE!,#VALUE!
Sékou Koné,#N/A,#N/A,#N/A,1.068225106392486,0.8832706877023728,#VALUE!,#VALUE!
Toby Collyer,#N/A,#N/A,#N/A,1.068225106392486,0.8832706877023728,#VALUE!,#VALUE!
Tyler Fletcher,0.7081825304728074,#N/A,#N/A,1.068225106392486,0.8832706877023728,#VALUE!,#VALUE!
Benjamin Sesko,2.065532380545688,1.616763567422061,0.7307739309581623,1.068225106392486,0.8832706877023728,#VALUE!,#VALUE!
Chido Obi,#N/A,#N/A,#N/A,1.068225106392486,0.8832706877023728,#VALUE!,#VALUE!
Ethan Wheatley,#N/A,#N/A,#N/A,1.068225106392486,0.8832706877023728,#VALUE!,#VALUE!
Joshua Zirkzee,1.599121843003114,1.616763567422061,0.7142903084553466,1.068225106392486,0.8832706877023728,#VALUE!,#VALUE!
Rasmus Højlund,#N/A,#N/A,#N/A,1.068225106392486,0.8832706877023728,#VALUE!,#VALUE!
Aaron Ramsdale,#N/A,#N/A,#N/A,1.059775880200811,1.015580727108764,0.9706750744875906,1.693270502456075
John Ruddy,#N/A,#N/A,#N/A,1.059775880200811,1.015580727108764,0.9706750744875906,1.693270502456075
Mark Gillespie,#N/A,#N/A,#N/A,1.059775880200811,1.015580727108764,0.9706750744875906,1.693270502456075
Nick Pope,#N/A,#N/A,#N/A,1.059775880200811,1.015580727108764,0.9706750744875906,1.693270502456075
Odysseas Vlachodimos,#N/A,#N/A,#N/A,1.059775880200811,1.015580727108764,0.9706750744875906,1.693270502456075
Alex Murphy,0.328950062743562,1.558770683809988,1.017382200113838,1.059775880200811,1.015580727108764,#VALUE!,#VALUE!
Dan Burn,0.581988572546302,1.375385897479401,1.287049771228349,1.059775880200811,1.015580727108764,#VALUE!,#VALUE!
Emil Krafth,0.290994286273151,1.230608434586833,0.8461396515798256,1.059775880200811,1.015580727108764,#VALUE!,#VALUE!
Fabian Schar,#N/A,#N/A,#N/A,1.059775880200811,1.015580727108764,#VALUE!,#VALUE!
Harrison Ashby,#N/A,#N/A,#N/A,1.059775880200811,1.015580727108764,#VALUE!,#VALUE!
Jamaal Lascelles,#N/A,#N/A,#N/A,1.059775880200811,1.015580727108764,#VALUE!,#VALUE!
Kieran Trippier,0.504390096206795,2.12559638701362,1.090052357264826,1.059775880200811,1.015580727108764,#VALUE!,#VALUE!
Leo Shahar,0.3782925721550962,1.558770683809988,0.9391220308743118,1.059775880200811,1.015580727108764,#VALUE!,#VALUE!
Lewis Hall,0.581988572546302,1.948463354762485,0.9937221489483998,1.059775880200811,1.015580727108764,#VALUE!,#VALUE!
Malick Thiaw,0.6878046766456295,1.06279819350681,0.8810320083460039,1.059775880200811,1.015580727108764,#VALUE!,#VALUE!
Matt Targett,#N/A,#N/A,#N/A,1.059775880200811,1.015580727108764,#VALUE!,#VALUE!
Miodrag Pivaš,#N/A,#N/A,#N/A,1.059775880200811,1.015580727108764,#VALUE!,#VALUE!
Sven Botman,0.504390096206795,1.06279819350681,0.9391220308743118,1.059775880200811,1.015580727108764,#VALUE!,#VALUE!
Tino Livramento,#N/A,#N/A,#N/A,1.059775880200811,1.015580727108764,#VALUE!,#VALUE!
Anthony Elanga,1.375609353291259,2.783519078232121,0.5622375316418577,1.059775880200811,1.015580727108764,#VALUE!,#VALUE!
Anthony Gordon,2.01756038482718,2.699949221379887,0.872041885811861,1.059775880200811,1.015580727108764,#VALUE!,#VALUE!
Antoñito Cordero Campillo,#N/A,#N/A,#N/A,1.059775880200811,1.015580727108764,#VALUE!,#VALUE!
Bruno Guimaraes,#N/A,#N/A,#N/A,1.059775880200811,1.015580727108764,#VALUE!,#VALUE!
Garang Kuol,#N/A,#N/A,#N/A,1.059775880200811,1.015580727108764,#VALUE!,#VALUE!
Harvey Barnes,1.747309802102061,2.12559638701362,0.8139057600910702,1.059775880200811,1.015580727108764,#VALUE!,#VALUE!
Isaac Hayden,#N/A,#N/A,#N/A,1.059775880200811,1.015580727108764,#VALUE!,#VALUE!
Jacob Murphy,1.513170288620385,2.699949221379887,0.7986925683136672,1.059775880200811,1.015580727108764,#VALUE!,#VALUE!
Jacob Ramsey,1.080835920443132,1.798581558242294,1.124475063283715,1.059775880200811,1.015580727108764,#VALUE!,#VALUE!
Joe White,#N/A,#N/A,#N/A,1.059775880200811,1.015580727108764,#VALUE!,#VALUE!
Joe Willock,1.00878019241359,1.461347516071864,1.06825131011953,1.059775880200811,1.015580727108764,#VALUE!,#VALUE!
Joelinton,1.00878019241359,1.670111446939273,1.682285527747291,1.059775880200811,1.015580727108764,#VALUE!,#VALUE!
Lewis Miley,0.7565851443101924,1.670111446939273,0.8546010480956239,1.059775880200811,1.015580727108764,#VALUE!,#VALUE!
Sam Alabi,0.581988572546302,#N/A,#N/A,1.059775880200811,1.015580727108764,#VALUE!,#VALUE!
Sandro Tonali,0.8406501603446583,1.948463354762485,1.318828777925345,1.059775880200811,1.015580727108764,#VALUE!,#VALUE!
Seung-Soo Park,#N/A,#N/A,#N/A,1.059775880200811,1.015580727108764,#VALUE!,#VALUE!
Nick Woltemade,2.101625400861646,2.12559638701362,0.8995800506269724,1.059775880200811,1.015580727108764,#VALUE!,#VALUE!
Sean Neave,1.681300320689317,2.12559638701362,0.9495567201062487,1.059775880200811,1.015580727108764,#VALUE!,#VALUE!
William Osula,1.891462860775481,2.338156025714982,0.872041885811861,1.059775880200811,1.015580727108764,#VALUE!,#VALUE!
Yoane Wissa,2.101625400861646,2.597951139683313,0.8139057600910702,1.059775880200811,1.015580727108764,#VALUE!,#VALUE!
Angus Gunn,#N/A,#N/A,#N/A,1.019950602361922,0.8737080076402873,0.9714551028734686,6.542009750617839
Carlos Miguel dos Santos Pereira,#N/A,#N/A,#N/A,1.019950602361922,0.8737080076402873,0.9714551028734686,6.542009750617839
John Victor Maciel Furtado,#N/A,#N/A,#N/A,1.019950602361922,0.8737080076402873,0.9714551028734686,6.542009750617839
Matt Turner,#N/A,#N/A,#N/A,1.019950602361922,0.8737080076402873,0.9714551028734686,6.542009750617839
Matz Sels,#N/A,#N/A,#N/A,1.019950602361922,0.8737080076402873,0.9714551028734686,6.542009750617839
Stefan Ortega Moreno,#N/A,#N/A,#N/A,1.019950602361922,0.8737080076402873,0.9714551028734686,6.542009750617839
David Mota Veiga Teixeira do Carmo,#N/A,#N/A,#N/A,1.019950602361922,0.8737080076402873,#VALUE!,#VALUE!
Felipe Rodrigues da Silva,#N/A,#N/A,#N/A,1.019950602361922,0.8737080076402873,#VALUE!,#VALUE!
Jair Paula da Cunha Filho,#N/A,#N/A,#N/A,1.019950602361922,0.8737080076402873,#VALUE!,#VALUE!
Luca Netz,0.4882767235610735,2.101582386151597,1.022852716709284,1.019950602361922,0.8737080076402873,#VALUE!,#VALUE!
Luis Eduardo Soares da Silva,#N/A,#N/A,#N/A,1.019950602361922,0.8737080076402873,#VALUE!,#VALUE!
Murillo dos Santos,#N/A,#N/A,#N/A,1.019950602361922,0.8737080076402873,#VALUE!,#VALUE!
Neco Williams,0.7709632477280107,1.778262019051352,0.9441717385008771,1.019950602361922,0.8737080076402873,#VALUE!,#VALUE!
Nicolo Savona,0.5633962194935463,1.926450520638964,0.7603506920670781,1.019950602361922,0.8737080076402873,#VALUE!,#VALUE!
Nikola Milenkovic,0.6658318957651002,1.050791193075799,0.965389080939099,1.019950602361922,0.8737080076402873,#VALUE!,#VALUE!
Ola Aina,0.3662075426708051,1.651243303404827,1.022852716709284,1.019950602361922,0.8737080076402873,#VALUE!,#VALUE!
Oleksandr Zinchenko,#N/A,#N/A,#N/A,1.019950602361922,0.8737080076402873,#VALUE!,#VALUE!
Omar Richards,#N/A,#N/A,#N/A,1.019950602361922,0.8737080076402873,#VALUE!,#VALUE!
Willy Boly,#N/A,#N/A,#N/A,1.019950602361922,0.8737080076402873,#VALUE!,#VALUE!
Zach Abbott,0.3854816238640054,1.651243303404827,0.9546625355953313,1.019950602361922,0.8737080076402873,#VALUE!,#VALUE!
Callum Hudson-Odoi,1.3316637915302,1.926450520638964,0.4773312677976657,1.019950602361922,0.8737080076402873,#VALUE!,#VALUE!
Dan Ndoye,1.464830170683221,2.311740624766757,0.8105625302224512,1.019950602361922,0.8737080076402873,#VALUE!,#VALUE!
Dilane Bakwa,1.126792438987093,2.669446448922352,0.6460122421321791,1.019950602361922,0.8737080076402873,#VALUE!,#VALUE!
Elliot Anderson,0.8616648062842472,2.101582386151597,1.079392314115324,1.019950602361922,0.8737080076402873,#VALUE!,#VALUE!
Eric da Silva Moreira,#N/A,#N/A,#N/A,1.019950602361922,0.8737080076402873,#VALUE!,#VALUE!
Ibrahim Sangare,0.7324150853416103,2.669446448922352,0.9990654442276723,1.019950602361922,0.8737080076402873,#VALUE!,#VALUE!
James McAtee,1.464830170683221,2.101582386151597,0.6050678042505622,1.019950602361922,0.8737080076402873,#VALUE!,#VALUE!
João Pedro Ferreira da Silva,#N/A,#N/A,#N/A,1.019950602361922,0.8737080076402873,#VALUE!,#VALUE!
Lewis O'Brien,#N/A,#N/A,#N/A,1.019950602361922,0.8737080076402873,#VALUE!,#VALUE!
Marko Stamenić,#N/A,#N/A,#N/A,1.019950602361922,0.8737080076402873,#VALUE!,#VALUE!
Morgan Gibbs-White,1.691489804484088,3.082320833022343,0.976359411404316,1.019950602361922,0.8737080076402873,#VALUE!,#VALUE!
Nicolas Dominguez,1.3316637915302,1.778262019051352,1.124602463397642,1.019950602361922,0.8737080076402873,#VALUE!,#VALUE!
Omari Hutchinson,1.464830170683221,2.101582386151597,0.7406864500308605,1.019950602361922,0.8737080076402873,#VALUE!,#VALUE!
Ryan Yates,0.8137945392684558,1.050791193075799,1.220449264255395,1.019950602361922,0.8737080076402873,#VALUE!,#VALUE!
Arnaud Kalimuendo,#N/A,#N/A,#N/A,1.019950602361922,0.8737080076402873,#VALUE!,#VALUE!
Chris Wood,#N/A,#N/A,#N/A,1.019950602361922,0.8737080076402873,#VALUE!,#VALUE!
Igor Jesus,2.219439652550334,1.926450520638964,0.9546625355953313,1.019950602361922,0.8737080076402873,#VALUE!,#VALUE!
Lorenzo Lucca,2.362629307553581,2.311740624766757,1.079392314115324,1.019950602361922,0.8737080076402873,#VALUE!,#VALUE!
Taiwo Awoniyi,2.362629307553581,1.444837890479223,0.4937909666872404,1.019950602361922,0.8737080076402873,#VALUE!,#VALUE!
Antonín Kinský,#N/A,#N/A,#N/A,0.9409961821283787,0.7457232691585678,0.8404737254902982,1.172642569237211
Brandon Austin,#N/A,#N/A,#N/A,0.9409961821283787,0.7457232691585678,0.8404737254902982,1.172642569237211
Guglielmo Vicario,#N/A,#N/A,#N/A,0.9409961821283787,0.7457232691585678,0.8404737254902982,1.172642569237211
Ashley Phillips,#N/A,#N/A,#N/A,0.9409961821283787,0.7457232691585678,#VALUE!,#VALUE!
Ben Davies,#N/A,#N/A,#N/A,0.9409961821283787,0.7457232691585678,#VALUE!,#VALUE!
Cristian Romero,#N/A,#N/A,#N/A,0.9409961821283787,0.7457232691585678,#VALUE!,#VALUE!
Destiny Udogie,#N/A,#N/A,#N/A,0.9409961821283787,0.7457232691585678,#VALUE!,#VALUE!
Djed Spence,0.5347105035262734,1.431890136317302,1.140380841206004,0.9409961821283787,0.7457232691585678,#VALUE!,#VALUE!
James Rowswell,0.2587308888030355,#N/A,#N/A,0.9409961821283787,0.7457232691585678,#VALUE!,#VALUE!
João Victor de Souza Menezes,#N/A,#N/A,#N/A,0.9409961821283787,0.7457232691585678,#VALUE!,#VALUE!
Jun'ai Byfield,0.4221398712049527,0.8591340817903813,1.654670240181261,0.9409961821283787,0.7457232691585678,#VALUE!,#VALUE!
Kevin Danso,#N/A,#N/A,#N/A,0.9409961821283787,0.7457232691585678,#VALUE!,#VALUE!
Luka Vušković,#N/A,#N/A,#N/A,0.9409961821283787,0.7457232691585678,#VALUE!,#VALUE!
Micky van de Ven,0.5729041109210072,1.288701122685572,1.212473882891441,0.9409961821283787,0.7457232691585678,#VALUE!,#VALUE!
Pedro Porro,0.5347105035262734,2.577402245371144,1.134249761414574,0.9409961821283787,0.7457232691585678,#VALUE!,#VALUE!
Radu Dragusin,0.4455920862718945,0.9205008019182657,1.065507351631872,0.9409961821283787,0.7457232691585678,#VALUE!,#VALUE!
Takai Kōta,#N/A,#N/A,#N/A,0.9409961821283787,0.7457232691585678,#VALUE!,#VALUE!
Archie Gray,0.891184172543789,1.073917602237977,1.20554546070349,0.9409961821283787,0.7457232691585678,#VALUE!,#VALUE!
Bryan Gil Salvatierra,#N/A,#N/A,#N/A,0.9409961821283787,0.7457232691585678,#VALUE!,#VALUE!
Callum Olusesi,0.8020657552894102,1.982617111823957,1.294297273761416,0.9409961821283787,0.7457232691585678,#VALUE!,#VALUE!
Conor Gallagher,0.9436067709287178,1.718268163580763,1.616631843855255,0.9409961821283787,0.7457232691585678,#VALUE!,#VALUE!
Dejan Kulusevski,#N/A,#N/A,#N/A,0.9409961821283787,0.7457232691585678,#VALUE!,#VALUE!
James Maddison,#N/A,#N/A,#N/A,0.9409961821283787,0.7457232691585678,#VALUE!,#VALUE!
Joao Palhinha,0.891184172543789,2.147835204475953,1.909234892516839,0.9409961821283787,0.7457232691585678,#VALUE!,#VALUE!
Lucas Bergvall,#N/A,#N/A,#N/A,0.9409961821283787,0.7457232691585678,#VALUE!,#VALUE!
Lucá Williams-Barnett,#N/A,#N/A,#N/A,0.9409961821283787,0.7457232691585678,#VALUE!,#VALUE!
Manor Solomon,#N/A,#N/A,#N/A,0.9409961821283787,0.7457232691585678,#VALUE!,#VALUE!
Mathys Tel,1.60413151057882,2.343092950337404,1.263296141455753,0.9409961821283787,0.7457232691585678,#VALUE!,#VALUE!
Mikey Moore,#N/A,#N/A,#N/A,0.9409961821283787,0.7457232691585678,#VALUE!,#VALUE!
Mohammed Kudus,#N/A,#N/A,#N/A,0.9409961821283787,0.7457232691585678,#VALUE!,#VALUE!
Pape Matar Sarr,0.891184172543789,1.718268163580763,1.539930333015407,0.9409961821283787,0.7457232691585678,#VALUE!,#VALUE!
Rio Kyerematen,0.5729041109210072,1.171546475168702,1.406469704154072,0.9409961821283787,0.7457232691585678,#VALUE!,#VALUE!
Rodrigo Bentancur,#N/A,#N/A,#N/A,0.9409961821283787,0.7457232691585678,#VALUE!,#VALUE!
Son Heung-min,#N/A,#N/A,#N/A,0.9409961821283787,0.7457232691585678,#VALUE!,#VALUE!
Wilson Odobert,#N/A,#N/A,#N/A,0.9409961821283787,0.7457232691585678,#VALUE!,#VALUE!
Xavi Simons,1.336776258815684,2.577402245371144,1.122183274591015,0.9409961821283787,0.7457232691585678,#VALUE!,#VALUE!
Yang Min-hyeok,#N/A,#N/A,#N/A,0.9409961821283787,0.7457232691585678,#VALUE!,#VALUE!
Yusuf Akhamrich,#N/A,#N/A,#N/A,0.9409961821283787,0.7457232691585678,#VALUE!,#VALUE!
Yves Bissouma,0.4455920862718945,0.9205008019182657,1.787885217145007,0.9409961821283787,0.7457232691585678,#VALUE!,#VALUE!
Dane Scarlett,#N/A,#N/A,#N/A,0.9409961821283787,0.7457232691585678,#VALUE!,#VALUE!
Dominic Solanke,2.005164388223525,1.982617111823957,0.8114248293196568,0.9409961821283787,0.7457232691585678,#VALUE!,#VALUE!
Randal Kolo Muani,1.60413151057882,2.343092950337404,1.029124173771272,0.9409961821283787,0.7457232691585678,#VALUE!,#VALUE!
Richarlison,1.909680369736691,1.431890136317302,1.15917832759951,0.9409961821283787,0.7457232691585678,#VALUE!,#VALUE!
Will Lankshear,#N/A,#N/A,#N/A,0.9409961821283787,0.7457232691585678,#VALUE!,#VALUE!
Anthony Patterson,#N/A,#N/A,#N/A,0.9300149155725163,0.8294376507437596,0.9512867865312726,-0.6683529747126649
Blondy Nna Noukeu,#N/A,#N/A,#N/A,0.9300149155725163,0.8294376507437596,0.9512867865312726,-0.6683529747126649
Melker Ellborg,#N/A,#N/A,#N/A,0.9300149155725163,0.8294376507437596,0.9512867865312726,-0.6683529747126649
Robin Roefs,#N/A,#N/A,#N/A,0.9300149155725163,0.8294376507437596,0.9512867865312726,-0.6683529747126649
Simon Moore,#N/A,#N/A,#N/A,0.9300149155725163,0.8294376507437596,0.9512867865312726,-0.6683529747126649
Aji Alese,#N/A,#N/A,#N/A,0.9300149155725163,0.8294376507437596,#VALUE!,#VALUE!
Arthur Masuaku,#N/A,#N/A,#N/A,0.9300149155725163,0.8294376507437596,#VALUE!,#VALUE!
Dan Ballard,0.8547886563545292,0.9873095923242748,1.056373850987498,0.9300149155725163,0.8294376507437596,#VALUE!,#VALUE!
Dennis Cirkin,0.4273943281772646,1.645515987207125,1.267648621184997,0.9300149155725163,0.8294376507437596,#VALUE!,#VALUE!
Jenson Jones,0.4273943281772646,#N/A,#N/A,0.9300149155725163,0.8294376507437596,#VALUE!,#VALUE!
Jenson Seelt,#N/A,#N/A,#N/A,0.9300149155725163,0.8294376507437596,#VALUE!,#VALUE!
Joe Anderson,#N/A,#N/A,#N/A,0.9300149155725163,0.8294376507437596,#VALUE!,#VALUE!
Leo Fuhr Hjelde,#N/A,#N/A,#N/A,0.9300149155725163,0.8294376507437596,#VALUE!,#VALUE!
Luke O'Nien,0.4579224944756406,0.8975541748402499,1.260446072200992,0.9300149155725163,0.8294376507437596,#VALUE!,#VALUE!
Lutsharel Geertruida,0.5828104475144518,1.3164127897657,1.008356857760793,0.9300149155725163,0.8294376507437596,#VALUE!,#VALUE!
Niall Huggins,#N/A,#N/A,#N/A,0.9300149155725163,0.8294376507437596,#VALUE!,#VALUE!
Nordi Mukiele,0.4931473017429976,2.468273980810687,1.056373850987498,0.9300149155725163,0.8294376507437596,#VALUE!,#VALUE!
Omar Alderete,0.7542252850187022,0.9873095923242748,0.9859489275883311,0.9300149155725163,0.8294376507437596,#VALUE!,#VALUE!
Reinildo Mandava,0.3052816629837604,0.9873095923242748,1.274933958088359,0.9300149155725163,0.8294376507437596,#VALUE!,#VALUE!
Timothée Pembélé,#N/A,#N/A,#N/A,0.9300149155725163,0.8294376507437596,#VALUE!,#VALUE!
Trai Hume,0.9158449889512812,2.280160721303175,1.218892904985574,0.9300149155725163,0.8294376507437596,#VALUE!,#VALUE!
Zak Johnson,#N/A,#N/A,#N/A,0.9300149155725163,0.8294376507437596,#VALUE!,#VALUE!
Abdoullah Ba,#N/A,#N/A,#N/A,0.9300149155725163,0.8294376507437596,#VALUE!,#VALUE!
Alan Browne,#N/A,#N/A,#N/A,0.9300149155725163,0.8294376507437596,#VALUE!,#VALUE!
Bertrand Traore,#N/A,#N/A,#N/A,0.9300149155725163,0.8294376507437596,#VALUE!,#VALUE!
Chemsdine Talbi,1.480580813547106,2.194021316276166,0.8293028362892506,0.9300149155725163,0.8294376507437596,#VALUE!,#VALUE!
Chris Rigg,1.282182984531794,2.194021316276166,0.8873540348294979,0.9300149155725163,0.8294376507437596,#VALUE!,#VALUE!
Dan Neil,#N/A,#N/A,#N/A,0.9300149155725163,0.8294376507437596,#VALUE!,#VALUE!
Djiamgone Jocelin Ta Bi,1.165620895028904,#N/A,#N/A,0.9300149155725163,0.8294376507437596,#VALUE!,#VALUE!
Enzo Le Fee,1.068485820443162,2.6328255795314,0.8873540348294979,0.9300149155725163,0.8294376507437596,#VALUE!,#VALUE!
Granit Xhaka,#N/A,#N/A,#N/A,0.9300149155725163,0.8294376507437596,#VALUE!,#VALUE!
Habib Diarra,1.165620895028904,1.518937834345038,0.943993654073934,0.9300149155725163,0.8294376507437596,#VALUE!,#VALUE!
Harrison Jones,#N/A,#N/A,#N/A,0.9300149155725163,0.8294376507437596,#VALUE!,#VALUE!
Ian Poveda-Ocampo,#N/A,#N/A,#N/A,0.9300149155725163,0.8294376507437596,#VALUE!,#VALUE!
Jay Matete,#N/A,#N/A,#N/A,0.9300149155725163,0.8294376507437596,#VALUE!,#VALUE!
Milan Aleksić,#N/A,#N/A,#N/A,0.9300149155725163,0.8294376507437596,#VALUE!,#VALUE!
Nectarios Triantis,#N/A,#N/A,#N/A,0.9300149155725163,0.8294376507437596,#VALUE!,#VALUE!
Nilson Angulo,1.424647760590882,2.194021316276166,0.814086270485778,0.9300149155725163,0.8294376507437596,#VALUE!,#VALUE!
Noah Sadiki,0.3771126425093511,1.518937834345038,0.9645152552494545,0.9300149155725163,0.8294376507437596,#VALUE!,#VALUE!
Patrick Roberts,#N/A,#N/A,#N/A,0.9300149155725163,0.8294376507437596,#VALUE!,#VALUE!
Pierre Ekwah Elimby,#N/A,#N/A,#N/A,0.9300149155725163,0.8294376507437596,#VALUE!,#VALUE!
Romaine Mundle,1.282182984531794,2.194021316276166,0.8873540348294979,0.9300149155725163,0.8294376507437596,#VALUE!,#VALUE!
Simon Adingra,#N/A,#N/A,#N/A,0.9300149155725163,0.8294376507437596,#VALUE!,#VALUE!
Tymur Tutierov,#N/A,#N/A,#N/A,0.9300149155725163,0.8294376507437596,#VALUE!,#VALUE!
Ahmed Abdullahi,#N/A,#N/A,#N/A,0.9300149155725163,0.8294376507437596,#VALUE!,#VALUE!
Brian Brobbey,2.068037071825474,2.194021316276166,0.9645152552494545,0.9300149155725163,0.8294376507437596,#VALUE!,#VALUE!
Eliezer Mayenda,1.831689977902562,2.280160721303175,0.471996827036967,0.9300149155725163,0.8294376507437596,#VALUE!,#VALUE!
Luís Hemir Silva Semedo,#N/A,#N/A,#N/A,0.9300149155725163,0.8294376507437596,#VALUE!,#VALUE!
Nazarii Rusyn,#N/A,#N/A,#N/A,0.9300149155725163,0.8294376507437596,#VALUE!,#VALUE!
Wilson Isidor,2.289612472378203,1.3164127897657,1.008356857760793,0.9300149155725163,0.8294376507437596,#VALUE!,#VALUE!
Alphonse Areola,#N/A,#N/A,#N/A,1.175250345781455,1.135226555816787,1.075683800328743,-1.101245090464739
Krisztián Hegyi,#N/A,#N/A,#N/A,1.175250345781455,1.135226555816787,1.075683800328743,-1.101245090464739
Lukasz Fabianski,#N/A,#N/A,#N/A,1.175250345781455,1.135226555816787,1.075683800328743,-1.101245090464739
Mads Hermansen,#N/A,#N/A,#N/A,1.175250345781455,1.135226555816787,1.075683800328743,-1.101245090464739
Wes Foderingham,#N/A,#N/A,#N/A,1.175250345781455,1.135226555816787,1.075683800328743,-1.101245090464739
Aaron Wan-Bissaka,0.5597339026174802,1.717249809715995,0.9503474669301166,1.175250345781455,1.135226555816787,#VALUE!,#VALUE!
Airidas Golambeckis,#N/A,#N/A,#N/A,1.175250345781455,1.135226555816787,#VALUE!,#VALUE!
Axel Disasi,0.5130894107326902,1.349267707633996,0.9925851321270107,1.175250345781455,1.135226555816787,#VALUE!,#VALUE!
El Hadji Malick Diouf,0.5597339026174802,2.862083016193326,1.003737774061022,1.175250345781455,1.135226555816787,#VALUE!,#VALUE!
Emerson Palmieri dos Santos,#N/A,#N/A,#N/A,1.175250345781455,1.135226555816787,#VALUE!,#VALUE!
Ezra Mayers,0.4104715285861522,1.111161641580938,1.076297131222059,1.175250345781455,1.135226555816787,#VALUE!,#VALUE!
Jean-Clair Todibo,0.2931939489901087,1.049430439270886,1.169275679207211,1.175250345781455,1.135226555816787,#VALUE!,#VALUE!
Kaelan Casey,#N/A,#N/A,#N/A,1.175250345781455,1.135226555816787,#VALUE!,#VALUE!
Konstantinos Mavropanos,0.7243615210343862,0.6746338538169981,1.076297131222059,1.175250345781455,1.135226555816787,#VALUE!,#VALUE!
Kyle Walker-Peters,0.5130894107326902,2.181264192479902,0.8427609612399147,1.175250345781455,1.135226555816787,#VALUE!,#VALUE!
Maximilian Kilman,0.4104715285861522,0.7870728294531646,0.7976130526020622,1.175250345781455,1.135226555816787,#VALUE!,#VALUE!
Nayef Aguerd,#N/A,#N/A,#N/A,1.175250345781455,1.135226555816787,#VALUE!,#VALUE!
Ollie Scarles,0.7243615210343862,2.098860878541772,1.076297131222059,1.175250345781455,1.135226555816787,#VALUE!,#VALUE!
Adama Traore,1.368238428620507,3.498101464236287,0.8933266189143096,1.175250345781455,1.135226555816787,#VALUE!,#VALUE!
Andy Irving,#N/A,#N/A,#N/A,1.175250345781455,1.135226555816787,#VALUE!,#VALUE!
Crysencio Summerville,1.710298035775634,2.248779512723327,0.9403438093834838,1.175250345781455,1.135226555816787,#VALUE!,#VALUE!
Edson Álvarez Velázquez,#N/A,#N/A,#N/A,1.175250345781455,1.135226555816787,#VALUE!,#VALUE!
Freddie Potts,#N/A,#N/A,#N/A,1.175250345781455,1.135226555816787,#VALUE!,#VALUE!
George Earthy,#N/A,#N/A,#N/A,1.175250345781455,1.135226555816787,#VALUE!,#VALUE!
Guido Rodríguez,#N/A,#N/A,#N/A,1.175250345781455,1.135226555816787,#VALUE!,#VALUE!
Keiber Lamadrid,#N/A,#N/A,#N/A,1.175250345781455,1.135226555816787,#VALUE!,#VALUE!
Lewis Orford,1.02617882146538,1.888974790687595,0.960566256897107,1.175250345781455,1.135226555816787,#VALUE!,#VALUE!
Lucas Paqueta,#N/A,#N/A,#N/A,1.175250345781455,1.135226555816787,#VALUE!,#VALUE!
Luis Guilherme,#N/A,#N/A,#N/A,1.175250345781455,1.135226555816787,#VALUE!,#VALUE!
Mateus Fernandes,1.02617882146538,2.862083016193326,0.960566256897107,1.175250345781455,1.135226555816787,#VALUE!,#VALUE!
Maxwel Cornet,#N/A,#N/A,#N/A,1.175250345781455,1.135226555816787,#VALUE!,#VALUE!
Mohamadou Kanté,#N/A,#N/A,#N/A,1.175250345781455,1.135226555816787,#VALUE!,#VALUE!
Soungoutou Magassa,0.5597339026174802,1.574145658906329,1.145290537069628,1.175250345781455,1.135226555816787,#VALUE!,#VALUE!
Tomas Soucek,1.231414585758457,1.717249809715995,1.169275679207211,1.175250345781455,1.135226555816787,#VALUE!,#VALUE!
Callum Marshall,#N/A,#N/A,#N/A,1.175250345781455,1.135226555816787,#VALUE!,#VALUE!
Callum Wilson,2.238935610469921,1.717249809715995,0.8673073970041841,1.175250345781455,1.135226555816787,#VALUE!,#VALUE!
Jarrod Bowen,2.238935610469921,3.591206826402272,0.5075719425649486,1.175250345781455,1.135226555816787,#VALUE!,#VALUE!
Niclas Fullkrug,#N/A,#N/A,#N/A,1.175250345781455,1.135226555816787,#VALUE!,#VALUE!
Pablo,1.710298035775634,2.361218488359494,1.254672217576278,1.175250345781455,1.135226555816787,#VALUE!,#VALUE!
Taty Castellanos,#N/A,#N/A,#N/A,1.175250345781455,1.135226555816787,#VALUE!,#VALUE!
Daniel Bentley,#N/A,#N/A,#N/A,0.901408452866428,0.6853440273647977,0.8460063701514503,1.623725725787381
Jose Sa,#N/A,#N/A,#N/A,0.901408452866428,0.6853440273647977,0.8460063701514503,1.623725725787381
Sam Johnstone,#N/A,#N/A,#N/A,0.901408452866428,0.6853440273647977,0.8460063701514503,1.623725725787381
Alfie Pond,#N/A,#N/A,#N/A,0.901408452866428,0.6853440273647977,#VALUE!,#VALUE!
Bastien Meupiyou Menadjou,#N/A,#N/A,#N/A,0.901408452866428,0.6853440273647977,#VALUE!,#VALUE!
David Moller Wolfe,0.5074520033026482,2.136493959721976,1.22211394310742,0.901408452866428,0.6853440273647977,#VALUE!,#VALUE!
Emmanuel Agbadou,#N/A,#N/A,#N/A,0.901408452866428,0.6853440273647977,#VALUE!,#VALUE!
Hugo Bueno López,#N/A,#N/A,#N/A,0.901408452866428,0.6853440273647977,#VALUE!,#VALUE!
Jackson Tchatchoua,0.5436985749671229,1.958452796411811,0.9947439071804585,0.901408452866428,0.6853440273647977,#VALUE!,#VALUE!
Ki-Jana Hoever,#N/A,#N/A,#N/A,0.901408452866428,0.6853440273647977,#VALUE!,#VALUE!
Ladislav Krejci,0.5855215422722864,0.8393369127479191,1.304085000267065,0.901408452866428,0.6853440273647977,#VALUE!,#VALUE!
Matt Doherty,0.5074520033026482,1.175071677847087,1.01842828592285,0.901408452866428,0.6853440273647977,#VALUE!,#VALUE!
Pedro Cardoso de Lima,#N/A,#N/A,#N/A,0.901408452866428,0.6853440273647977,#VALUE!,#VALUE!
Rodrigo Gomes,1.014904006605296,2.136493959721976,0.6154530648742405,0.901408452866428,0.6853440273647977,#VALUE!,#VALUE!
Saheed Olagunju,#N/A,#N/A,#N/A,0.901408452866428,0.6853440273647977,#VALUE!,#VALUE!
Santiago Bueno,0.3805890024769861,0.8393369127479191,0.9721360911081752,0.901408452866428,0.6853440273647977,#VALUE!,#VALUE!
Toti Gomes,0.3309469586756401,0.8393369127479191,0.9400876485441694,0.901408452866428,0.6853440273647977,#VALUE!,#VALUE!
Yerson Mosquera,0.5855215422722864,0.7833811185647246,1.430568160828084,0.901408452866428,0.6853440273647977,#VALUE!,#VALUE!
Andre,0.2927607711361432,0.8393369127479191,1.2961814548109,0.901408452866428,0.6853440273647977,#VALUE!,#VALUE!
Angel Gomes,0.6343150041283102,1.468839597308859,1.143689518950794,0.901408452866428,0.6853440273647977,#VALUE!,#VALUE!
Boubacar Traoré,#N/A,#N/A,#N/A,0.901408452866428,0.6853440273647977,#VALUE!,#VALUE!
Enso González Medina,#N/A,#N/A,#N/A,0.901408452866428,0.6853440273647977,#VALUE!,#VALUE!
Ethan Sutherland,#N/A,#N/A,#N/A,0.901408452866428,0.6853440273647977,#VALUE!,#VALUE!
Fer Lopez,#N/A,#N/A,#N/A,0.901408452866428,0.6853440273647977,#VALUE!,#VALUE!
Gonçalo Manuel Ganchinho Guedes,#N/A,#N/A,#N/A,0.901408452866428,0.6853440273647977,#VALUE!,#VALUE!
Hwang Hee-Chan,#N/A,#N/A,#N/A,0.901408452866428,0.6853440273647977,#VALUE!,#VALUE!
Jean-Ricner Bellegarde,1.014904006605296,2.611270395215748,0.9100848512502067,0.901408452866428,0.6853440273647977,#VALUE!,#VALUE!
Jerome Abbey,0.4477517676199836,#N/A,#N/A,0.901408452866428,0.6853440273647977,#VALUE!,#VALUE!
Jhon Arias,#N/A,#N/A,#N/A,0.901408452866428,0.6853440273647977,#VALUE!,#VALUE!
Joao Gomes,0.5436985749671229,1.468839597308859,1.416357218833103,0.901408452866428,0.6853440273647977,#VALUE!,#VALUE!
Joe Hodge,#N/A,#N/A,#N/A,0.901408452866428,0.6853440273647977,#VALUE!,#VALUE!
Luke Rawlings,0.3624657166447486,0.7833811185647246,1.194804134322897,0.901408452866428,0.6853440273647977,#VALUE!,#VALUE!
Marshall Munetsi,#N/A,#N/A,#N/A,0.901408452866428,0.6853440273647977,#VALUE!,#VALUE!
Tawanda Chirewa,#N/A,#N/A,#N/A,0.901408452866428,0.6853440273647977,#VALUE!,#VALUE!
Temple Ojinnaka,#N/A,#N/A,#N/A,0.901408452866428,0.6853440273647977,#VALUE!,#VALUE!
Tom Edozie,1.171043084544573,2.136493959721976,0.9298693045382547,0.901408452866428,0.6853440273647977,#VALUE!,#VALUE!
Adam Armstrong,1.902945012384931,2.350143355694174,0.7504208422589423,0.901408452866428,0.6853440273647977,#VALUE!,#VALUE!
Fábio Soares Silva,#N/A,#N/A,#N/A,0.901408452866428,0.6853440273647977,#VALUE!,#VALUE!
Leon Chiwome,#N/A,#N/A,#N/A,0.901408452866428,0.6853440273647977,#VALUE!,#VALUE!
Mateus Mane,1.522356009907945,2.136493959721976,1.030698506235174,0.901408452866428,0.6853440273647977,#VALUE!,#VALUE!
Nathan Fraser,#N/A,#N/A,#N/A,0.901408452866428,0.6853440273647977,#VALUE!,#VALUE!
Saša Kalajdžić,#N/A,#N/A,#N/A,0.901408452866428,0.6853440273647977,#VALUE!,#VALUE!
Tolu Arokodare,1.691506677675494,1.566762237129449,0.9005050107107307,0.901408452866428,0.6853440273647977,#VALUE!,#VALUE!
