name,name_cleaned,team,position,now_cost
Benjamin White,Ben White,Arsenal,DEF,5.1
Brayden Clarke,Brayden Clarke,Arsenal,DEF,3.8
Cristhian Mosquera,Cristhian Mosquera,Arsenal,DEF,5.3
Gabriel dos Santos Magalhães,Gabriel Magalhaes,Arsenal,DEF,7.1
Jakub Kiwior,Jakub Kiwior,Arsenal,DEF,5.4
Josh Nichols,Josh Nichols,Arsenal,DEF,3.8
Jurriën Timber,Jurrien Timber,Arsenal,DEF,6.4
Maldini Kacurri,Maldini Kacurri,Arsenal,DEF,3.9
Marli Salmon,Marli Salmon,Arsenal,DEF,4.0
Myles Lewis-Skelly,Myles Lewis-Skelly,Arsenal,DEF,5.1
Piero Hincapié,Piero Hincapie,Arsenal,DEF,5.1
Riccardo Calafiori,Riccardo Calafiori,Arsenal,DEF,5.6
William Saliba,William Saliba,Arsenal,DEF,6.1
Andrés García,Andrés García,Aston Villa,DEF,3.9
Ezri Konsa Ngoyo,Ezri Konsa,Aston Villa,DEF,4.4
Ian Maatsen,Ian Maatsen,Aston Villa,DEF,4.2
Lamare Bogarde,Lamare Bogarde,Aston Villa,DEF,4.0
Leon Routh,Leon Routh,Aston Villa,DEF,4.0
Lino da Cruz Sousa,Lino da Cruz Sousa,Aston Villa,DEF,3.8
Lucas Digne,Lucas Digne,Aston Villa,DEF,4.5
Matty Cash,Matty Cash,Aston Villa,DEF,4.9
Pau Torres,Pau Torres,Aston Villa,DEF,4.3
TJ Carroll,TJ Carroll,Aston Villa,DEF,4.0
Travis Patterson,Travis Patterson,Aston Villa,DEF,3.9
Triston Rowe,Triston Rowe,Aston Villa,DEF,4.0
Tyrone Mings,Tyrone Mings,Aston Villa,DEF,4.3
Victor Lindelöf,Victor Lindelof,Aston Villa,DEF,4.5
Yasin Özcan,Yasin Özcan,Aston Villa,DEF,4.0
Álex Moreno Lopera,Álex Moreno Lopera,Aston Villa,DEF,4.0
Adam Smith,Adam Smith,Bournemouth,DEF,4.4
Adrien Truffert,Adrien Truffert,Bournemouth,DEF,4.5
Álex Jiménez Sánchez,Alex Jimenez,Bournemouth,DEF,4.5
Bafodé Diakité,Bafode Diakite,Bournemouth,DEF,4.2
Chris Mepham,Chris Mepham,Bournemouth,DEF,4.0
Illia Zabarnyi,Illia Zabarnyi,Bournemouth,DEF,5.0
James Hill,James Hill,Bournemouth,DEF,4.0
Julián Araujo Zúñiga,Julian Araujo,Bournemouth,DEF,3.8
Julio Soler Barreto,Julio Soler Barreto,Bournemouth,DEF,4.0
Marcos Senesi Barón,Marcos Senesi,Bournemouth,DEF,4.8
Matai Akinmboni,Matai Akinmboni,Bournemouth,DEF,3.8
Owen Bevan,Owen Bevan,Bournemouth,DEF,3.8
Veljko Milosavljevic,Veljko Milosavljevic,Bournemouth,DEF,4.4
Aaron Hickey,Aaron Hickey,Brentford,DEF,4.0
Benjamin Arthur,Benjamin Arthur,Brentford,DEF,3.8
Benjamin Fredrick,Benjamin Fredrick,Brentford,DEF,4.0
Ethan Pinnock,Ethan Pinnock,Brentford,DEF,4.2
Jayden Meghoma,Jayden Meghoma,Brentford,DEF,4.0
Keane Lewis-Potter,Keane Lewis-Potter,Brentford,DEF,4.8
Kim Ji-soo,Kim Ji-soo,Brentford,DEF,3.9
Kristoffer Ajer,Kristoffer Ajer,Brentford,DEF,4.4
Mads Roerslev Rasmussen,Mads Roerslev Rasmussen,Brentford,DEF,4.5
Michael Kayode,Michael Kayode,Brentford,DEF,4.5
Nathan Collins,Nathan Collins,Brentford,DEF,5.0
Rico Henry,Rico Henry,Brentford,DEF,4.3
Sepp van den Berg,Sepp van den Berg,Brentford,DEF,4.5
Adam Webster,Adam Webster,Brighton,DEF,4.4
Charlie Tasker,Charlie Tasker,Brighton,DEF,3.8
Diego Coppola,Diego Coppola,Brighton,DEF,4.2
Eiran Cashin,Eiran Cashin,Brighton,DEF,4.0
Ferdi Kadıoğlu,Ferdi Kadioglu,Brighton,DEF,4.4
Freddie Simmonds,Freddie Simmonds,Brighton,DEF,4.0
Igor Julio dos Santos de Paulo,Igor Julio,Brighton,DEF,4.5
Jacob Slater,Jacob Slater,Brighton,DEF,4.0
Jan Paul van Hecke,Jan Paul van Hecke,Brighton,DEF,4.4
Joël Veltman,Joel Veltman,Brighton,DEF,4.3
Lewis Dunk,Lewis Dunk,Brighton,DEF,4.5
Maxim De Cuyper,Maxim De Cuyper,Brighton,DEF,4.3
Olivier Boscagli,Olivier Boscagli,Brighton,DEF,4.2
Pervis Estupiñán Tenorio,Pervis Estupiñán Tenorio,Brighton,DEF,4.5
Tariq Lamptey,Tariq Lamptey,Brighton,DEF,4.4
Axel Tuanzebe,Axel Tuanzebe,Burnley,DEF,3.9
Bashir Humphreys,Bashir Humphreys,Burnley,DEF,3.9
Connor Roberts,Connor Roberts,Burnley,DEF,4.4
Hannes Delcroix,Hannes Delcroix,Burnley,DEF,3.8
Hjalmar Ekdal,Hjalmar Ekdal,Burnley,DEF,3.9
Joe Worrall,Joe Worrall,Burnley,DEF,3.8
Jordan Beyer,Jordan Beyer,Burnley,DEF,3.9
Kyle Walker,Kyle Walker,Burnley,DEF,4.4
Lucas Pires Silva,Lucas Pires,Burnley,DEF,3.8
Maxime Estève,Maxime Esteve,Burnley,DEF,3.9
Oliver Sonne,Oliver Sonne,Burnley,DEF,3.8
Owen Dodgson,Owen Dodgson,Burnley,DEF,4.0
Quilindschy Hartman,Quilindschy Hartman,Burnley,DEF,4.0
Shurandy Sambo,Shurandy Sambo,Burnley,DEF,4.0
Aarón Anselmino,Aarón Anselmino,Chelsea,DEF,4.0
Benoît Badiashile Mukinayi,Benoit Badiashile,Chelsea,DEF,4.4
Jorrel Hato,Jorrel Hato,Chelsea,DEF,4.6
Josh Acheampong,Josh Acheampong,Chelsea,DEF,3.7
Levi Samuels Colwill,Levi Samuels Colwill,Chelsea,DEF,4.7
Malo Gusto,Malo Gusto,Chelsea,DEF,4.9
Mamadou Sarr,Mamadou Sarr,Chelsea,DEF,4.5
Marc Cucurella Saseta,Marc Cucurella,Chelsea,DEF,6.0
Reece James,Reece James,Chelsea,DEF,5.7
Tosin Adarabioyo,Tosin Adarabioyo,Chelsea,DEF,4.0
Trevoh Chalobah,Trevoh Chalobah,Chelsea,DEF,5.7
Wesley Fofana,Wesley Fofana,Chelsea,DEF,4.4
Borna Sosa,Borna Sosa,Crystal Palace,DEF,4.8
Caleb Kporha,Caleb Kporha,Crystal Palace,DEF,4.0
Chadi Riad Dnanou,Chadi Riad,Crystal Palace,DEF,4.0
Chris Richards,Chris Richards,Crystal Palace,DEF,4.4
Daniel Muñoz Mejía,Daniel Munoz,Crystal Palace,DEF,5.9
Danny Imray,Danny Imray,Crystal Palace,DEF,4.0
Dean Benamar,Dean Benamar,Crystal Palace,DEF,4.0
George King,George King,Crystal Palace,DEF,4.0
Jaydee Canvot,Jaydee Canvot,Crystal Palace,DEF,4.5
Maxence Lacroix,Maxence Lacroix,Crystal Palace,DEF,5.1
Nathaniel Clyne,Nathaniel Clyne,Crystal Palace,DEF,3.8
Rob Holding,Rob Holding,Crystal Palace,DEF,4.0
Tyrick Mitchell,Tyrick Mitchell,Crystal Palace,DEF,5.0
Adam Aznou,Adam Aznou,Everton,DEF,4.2
Elijah Campbell,Elijah Campbell,Everton,DEF,3.9
Jake O'Brien,Jake O'Brien,Everton,DEF,4.9
James Tarkowski,James Tarkowski,Everton,DEF,5.7
Jarrad Branthwaite,Jarrad Branthwaite,Everton,DEF,5.3
Michael Keane,Michael Keane,Everton,DEF,4.7
Nathan Patterson,Nathan Patterson,Everton,DEF,4.4
Reece Welch,Reece Welch,Everton,DEF,3.8
Roman Dixon,Roman Dixon,Everton,DEF,3.8
Séamus Coleman,Séamus Coleman,Everton,DEF,4.2
Vitalii Mykolenko,Vitalii Mykolenko,Everton,DEF,4.9
Antonee Robinson,Antonee Robinson,Fulham,DEF,4.9
Calvin Bassey,Calvin Bassey,Fulham,DEF,4.4
Issa Diop,Issa Diop,Fulham,DEF,4.3
Joachim Andersen,Joachim Andersen,Fulham,DEF,4.6
Jorge Cuenca Barreno,Jorge Cuenca,Fulham,DEF,4.3
Kenny Tete,Kenny Tete,Fulham,DEF,4.5
Samuel Amissah,Samuel Amissah,Fulham,DEF,3.8
Timothy Castagne,Timothy Castagne,Fulham,DEF,4.3
Gabriel Gudmundsson,Gabriel Gudmundsson,Leeds,DEF,3.8
Isaac Schmidt,Isaac Schmidt,Leeds,DEF,4.0
Jaka Bijol,Jaka Bijol,Leeds,DEF,3.9
James Justin,James Justin,Leeds,DEF,3.9
Jayden Bogle,Jayden Bogle,Leeds,DEF,4.4
Joe Rodon,Joe Rodon,Leeds,DEF,3.9
Pascal Struijk,Pascal Struijk,Leeds,DEF,4.3
Sam Byram,Sam Byram,Leeds,DEF,3.8
Sebastiaan Bornauw,Sebastiaan Bornauw,Leeds,DEF,3.8
Amara Nallo,Amara Nallo,Liverpool,DEF,3.7
Andrew Robertson,Andrew Robertson,Liverpool,DEF,5.7
Calvin Ramsay,Calvin Ramsay,Liverpool,DEF,3.8
Conor Bradley,Conor Bradley,Liverpool,DEF,4.9
Giovanni Leoni,Giovanni Leoni,Liverpool,DEF,4.9
Ibrahima Konaté,Ibrahima Konate,Liverpool,DEF,5.4
Jeremie Frimpong,Jeremie Frimpong,Liverpool,DEF,5.7
Joe Gomez,Joe Gomez,Liverpool,DEF,4.9
Konstantinos Tsimikas,Konstantinos Tsimikas,Liverpool,DEF,4.8
Milos Kerkez,Milos Kerkez,Liverpool,DEF,5.6
Rhys Williams,Rhys Williams,Liverpool,DEF,3.7
Virgil van Dijk,Virgil van Dijk,Liverpool,DEF,5.9
Wellity Lucky,Wellity Lucky,Liverpool,DEF,4.0
Abdukodir Khusanov,Abduqodir Khusanov,Man City,DEF,5.4
John Stones,John Stones,Man City,DEF,5.4
Joško Gvardiol,Josko Gvardiol,Man City,DEF,5.9
Manuel Akanji,Manuel Akanji,Man City,DEF,5.4
Marc Guéhi,Marc Guehi,Man City,DEF,5.2
Matheus Nunes,Matheus Nunes,Man City,DEF,5.4
Max Alleyne,Max Alleyne,Man City,DEF,4.1
Nathan Aké,Nathan Ake,Man City,DEF,5.3
Nico O'Reilly,Nico O'Reilly,Man City,DEF,4.9
Rayan Aït-Nouri,Rayan Ait Nouri,Man City,DEF,5.7
Rico Lewis,Rico Lewis,Man City,DEF,4.6
Rúben dos Santos Gato Alves Dias,Ruben Dias,Man City,DEF,5.5
Stephen Mfuni,Stephen Mfuni,Man City,DEF,3.9
Vitor de Oliveira Nunes dos Reis,Vitor de Oliveira Nunes dos Reis,Man City,DEF,5.0
Ayden Heaven,Ayden Heaven,Man Utd,DEF,3.8
Diego León Blanco,Diego León Blanco,Man Utd,DEF,4.2
Diogo Dalot Teixeira,Diogo Dalot,Man Utd,DEF,4.5
Godwill Kukonki,Godwill Kukonki,Man Utd,DEF,4.0
Harry Amass,Harry Amass,Man Utd,DEF,4.0
Harry Maguire,Harry Maguire,Man Utd,DEF,4.3
Leny Yoro,Leny Yoro,Man Utd,DEF,4.1
Lisandro Martínez,Lisandro Martinez,Man Utd,DEF,4.8
Luke Shaw,Luke Shaw,Man Utd,DEF,4.5
Matthijs de Ligt,Matthijs de Ligt,Man Utd,DEF,4.9
Noussair Mazraoui,Noussair Mazraoui,Man Utd,DEF,4.9
Patrick Dorgu,Patrick Dorgu,Man Utd,DEF,4.3
Tyler Fredricson,Tyler Fredricson,Man Utd,DEF,3.8
Tyrell Malacia,Tyrell Malacia,Man Utd,DEF,3.8
Alex Murphy,Alex Murphy,Newcastle,DEF,3.8
Dan Burn,Dan Burn,Newcastle,DEF,5.0
Emil Krafth,Emil Krafth,Newcastle,DEF,4.3
Fabian Schär,Fabian Schar,Newcastle,DEF,5.2
Harrison Ashby,Harrison Ashby,Newcastle,DEF,3.9
Jamaal Lascelles,Jamaal Lascelles,Newcastle,DEF,4.3
Kieran Trippier,Kieran Trippier,Newcastle,DEF,4.9
Leo Shahar,Leo Shahar,Newcastle,DEF,4.0
Lewis Hall,Lewis Hall,Newcastle,DEF,5.3
Malick Thiaw,Malick Thiaw,Newcastle,DEF,5.0
Matt Targett,Matt Targett,Newcastle,DEF,4.0
Miodrag Pivaš,Miodrag Pivaš,Newcastle,DEF,3.8
Sven Botman,Sven Botman,Newcastle,DEF,4.9
Tino Livramento,Tino Livramento,Newcastle,DEF,4.9
David Mota Veiga Teixeira do Carmo,David Mota Veiga Teixeira do Carmo,Nott'm Forest,DEF,4.5
Felipe Rodrigues da Silva,Felipe Rodrigues da Silva,Nott'm Forest,DEF,4.3
Jair Paula da Cunha Filho,Jair Paula da Cunha Filho,Nott'm Forest,DEF,4.2
Luca Netz,Luca Netz,Nott'm Forest,DEF,4.5
Luis Eduardo Soares da Silva,Luis Eduardo Soares da Silva,Nott'm Forest,DEF,4.5
Murillo Costa dos Santos,Murillo dos Santos,Nott'm Forest,DEF,5.2
Neco Williams,Neco Williams,Nott'm Forest,DEF,4.7
Nicolò Savona,Nicolo Savona,Nott'm Forest,DEF,4.5
Nikola Milenković,Nikola Milenkovic,Nott'm Forest,DEF,5.1
Ola Aina,Ola Aina,Nott'm Forest,DEF,4.7
Oleksandr Zinchenko,Oleksandr Zinchenko,Nott'm Forest,DEF,4.9
Omar Richards,Omar Richards,Nott'm Forest,DEF,4.5
Willy Boly,Willy Boly,Nott'm Forest,DEF,3.8
Zach Abbott,Zach Abbott,Nott'm Forest,DEF,3.8
Ashley Phillips,Ashley Phillips,Spurs,DEF,4.0
Ben Davies,Ben Davies,Spurs,DEF,4.3
Cristian Romero,Cristian Romero,Spurs,DEF,5.0
Destiny Udogie,Destiny Udogie,Spurs,DEF,4.3
Djed Spence,Djed Spence,Spurs,DEF,4.2
James Rowswell,James Rowswell,Spurs,DEF,4.0
João Victor de Souza Menezes,João Victor de Souza Menezes,Spurs,DEF,4.0
Jun'ai Byfield,Jun'ai Byfield,Spurs,DEF,4.0
Kevin Danso,Kevin Danso,Spurs,DEF,4.2
Luka Vušković,Luka Vušković,Spurs,DEF,3.9
Micky van de Ven,Micky van de Ven,Spurs,DEF,4.5
Pedro Porro Sauceda,Pedro Porro,Spurs,DEF,5.1
Radu Drăgușin,Radu Dragusin,Spurs,DEF,4.5
Takai Kōta,Takai Kōta,Spurs,DEF,4.0
Aji Alese,Aji Alese,Sunderland,DEF,4.0
Arthur Masuaku,Arthur Masuaku,Sunderland,DEF,3.9
Daniel Ballard,Dan Ballard,Sunderland,DEF,4.6
Dennis Cirkin,Dennis Cirkin,Sunderland,DEF,4.0
Jenson Jones,Jenson Jones,Sunderland,DEF,4.0
Jenson Seelt,Jenson Seelt,Sunderland,DEF,4.0
Joe Anderson,Joe Anderson,Sunderland,DEF,3.8
Leo Fuhr Hjelde,Leo Fuhr Hjelde,Sunderland,DEF,4.0
Luke O'Nien,Luke O'Nien,Sunderland,DEF,4.0
Lutsharel Geertruida,Lutsharel Geertruida,Sunderland,DEF,4.5
Niall Huggins,Niall Huggins,Sunderland,DEF,4.0
Nordi Mukiele,Nordi Mukiele,Sunderland,DEF,4.6
Omar Alderete,Omar Alderete,Sunderland,DEF,4.1
Reinildo Mandava,Reinildo Mandava,Sunderland,DEF,3.8
Timothée Pembélé,Timothée Pembélé,Sunderland,DEF,3.9
Trai Hume,Trai Hume,Sunderland,DEF,4.5
Zak Johnson,Zak Johnson,Sunderland,DEF,3.8
Aaron Wan-Bissaka,Aaron Wan-Bissaka,West Ham,DEF,4.1
Airidas Golambeckis,Airidas Golambeckis,West Ham,DEF,4.0
Axel Disasi,Axel Disasi,West Ham,DEF,4.5
El Hadji Malick Diouf,El Hadji Malick Diouf,West Ham,DEF,4.0
Emerson Palmieri dos Santos,Emerson Palmieri dos Santos,West Ham,DEF,4.4
Ezra Mayers,Ezra Mayers,West Ham,DEF,4.0
Jean-Clair Todibo,Jean-Clair Todibo,West Ham,DEF,4.3
Kaelan Casey,Kaelan Casey,West Ham,DEF,4.0
Konstantinos Mavropanos,Konstantinos Mavropanos,West Ham,DEF,4.4
Kyle Walker-Peters,Kyle Walker-Peters,West Ham,DEF,4.2
Maximilian Kilman,Maximilian Kilman,West Ham,DEF,4.2
Nayef Aguerd,Nayef Aguerd,West Ham,DEF,4.4
Ollie Scarles,Ollie Scarles,West Ham,DEF,4.3
Alfie Pond,Alfie Pond,Wolves,DEF,3.9
Bastien Meupiyou Menadjou,Bastien Meupiyou Menadjou,Wolves,DEF,4.0
David Møller Wolfe,David Moller Wolfe,Wolves,DEF,4.2
Emmanuel Agbadou,Emmanuel Agbadou,Wolves,DEF,4.2
Hugo Bueno López,Hugo Bueno López,Wolves,DEF,4.3
Jackson Tchatchoua,Jackson Tchatchoua,Wolves,DEF,4.4
Ki-Jana Hoever,Ki-Jana Hoever,Wolves,DEF,3.8
Ladislav Krejcí,Ladislav Krejci,Wolves,DEF,4.5
Matt Doherty,Matt Doherty,Wolves,DEF,4.4
Pedro Cardoso de Lima,Pedro Cardoso de Lima,Wolves,DEF,4.0
Rodrigo Martins Gomes,Rodrigo Gomes,Wolves,DEF,4.4
Saheed Olagunju,Saheed Olagunju,Wolves,DEF,4.0
Santiago Ignacio Bueno,Santiago Bueno,Wolves,DEF,4.4
Toti Gomes,Toti Gomes,Wolves,DEF,4.2
Yerson Mosquera Valdelamar,Yerson Mosquera,Wolves,DEF,4.3
Gabriel Fernando de Jesus,Gabriel Jesus,Arsenal,FWD,6.4
Kai Havertz,Kai Havertz,Arsenal,FWD,7.3
Viktor Gyökeres,Viktor Gyokeres,Arsenal,FWD,8.8
Ollie Watkins,Ollie Watkins,Aston Villa,FWD,8.6
Tammy Abraham,Tammy Abraham,Aston Villa,FWD,6.0
Zépiqueno Redmond,Zépiqueno Redmond,Aston Villa,FWD,4.5
Daniel Adu-Adjei,Daniel Adu-Adjei,Bournemouth,FWD,4.4
Enes Ünal,Enes Ünal,Bournemouth,FWD,5.4
Francisco Evanilson de Lima Barbosa,Evanilson,Bournemouth,FWD,6.9
Junior Kroupi,Junior Kroupi,Bournemouth,FWD,4.7
Igor Thiago Nascimento Rodrigues,Igor Thiago,Brentford,FWD,7.0
Iwan Morgan,Iwan Morgan,Brentford,FWD,4.4
Kaye Furo,Kaye Furo,Brentford,FWD,4.5
Charalampos Kostoulas,Charalampos Kostoulas,Brighton,FWD,4.8
Danny Welbeck,Danny Welbeck,Brighton,FWD,6.2
Evan Ferguson,Evan Ferguson,Brighton,FWD,5.5
Stefanos Tzimas,Stefanos Tzimas,Brighton,FWD,5.2
Armando Broja,Armando Broja,Burnley,FWD,5.2
Ashley Barnes,Ashley Barnes,Burnley,FWD,4.2
Lyle Foster,Lyle Foster,Burnley,FWD,4.9
Michael Obafemi,Michael Obafemi,Burnley,FWD,4.4
Zeki Amdouni,Zeki Amdouni,Burnley,FWD,4.8
Zian Flemming,Zian Flemming,Burnley,FWD,5.3
João Pedro Junqueira de Jesus,Joao Pedro,Chelsea,FWD,7.7
Liam Delap,Liam Delap,Chelsea,FWD,6.2
Marc Guiu Paz,Marc Guiu,Chelsea,FWD,4.2
Nicolas Jackson,Nicolas Jackson,Chelsea,FWD,6.5
Ben Casey,Ben Casey,Crystal Palace,FWD,4.5
Christantus Uche,Christantus Uche,Crystal Palace,FWD,5.5
Eddie Nketiah,Eddie Nketiah,Crystal Palace,FWD,5.4
Jean-Philippe Mateta,Jean-Philippe Mateta,Crystal Palace,FWD,7.5
Jørgen Strand Larsen,Jorgen Strand Larsen,Crystal Palace,FWD,6.1
Odsonne Édouard,Odsonne Édouard,Crystal Palace,FWD,5.0
Zach Marsh,Zach Marsh,Crystal Palace,FWD,4.4
Norberto Bercique Gomes Betuncal,Beto,Everton,FWD,5.0
Braiden Graham,Braiden Graham,Everton,FWD,4.5
Martin Sherif,Martin Sherif,Everton,FWD,4.4
Thierno Barry,Thierno Barry,Everton,FWD,5.7
Youssef Ramalho Chermiti,Youssef Ramalho Chermiti,Everton,FWD,4.9
Jonah Kusi-Asare,Jonah Kusi-Asare,Fulham,FWD,4.5
Raúl Jiménez Rodríguez,Raul Jimenez,Fulham,FWD,6.2
Rodrigo Muniz Carvalho,Rodrigo Muniz,Fulham,FWD,5.3
Dominic Calvert-Lewin,Dominic Calvert-Lewin,Leeds,FWD,5.8
Harry Gray,Harry Gray,Leeds,FWD,4.5
Joël Piroe,Joel Piroe,Leeds,FWD,4.9
Lukas Nmecha,Lukas Nmecha,Leeds,FWD,5.0
Mateo Joseph Fernández-Regatillo,Mateo Joseph Fernández-Regatillo,Leeds,FWD,5.0
Patrick Bamford,Patrick Bamford,Leeds,FWD,4.9
Alexander Isak,Alexander Isak,Liverpool,FWD,10.3
Darwin Núñez Ribeiro,Darwin Núñez Ribeiro,Liverpool,FWD,6.5
Hugo Ekitiké,Hugo Ekitike,Liverpool,FWD,8.9
Jayden Danns,Jayden Danns,Liverpool,FWD,4.3
Erling Haaland,Erling Haaland,Man City,FWD,14.8
Benjamin Sesko,Benjamin Sesko,Man Utd,FWD,7.2
Chido Obi,Chido Obi,Man Utd,FWD,4.2
Ethan Wheatley,Ethan Wheatley,Man Utd,FWD,4.5
Joshua Zirkzee,Joshua Zirkzee,Man Utd,FWD,5.8
Rasmus Højlund,Rasmus Højlund,Man Utd,FWD,6.3
Nick Woltemade,Nick Woltemade,Newcastle,FWD,6.9
Sean Neave,Sean Neave,Newcastle,FWD,4.3
William Osula,William Osula,Newcastle,FWD,5.4
Yoane Wissa,Yoane Wissa,Newcastle,FWD,7.3
Arnaud Kalimuendo,Arnaud Kalimuendo,Nott'm Forest,FWD,6.0
Chris Wood,Chris Wood,Nott'm Forest,FWD,7.2
Igor Jesus Maciel da Cruz,Igor Jesus,Nott'm Forest,FWD,5.8
Lorenzo Lucca,Lorenzo Lucca,Nott'm Forest,FWD,5.5
Taiwo Awoniyi,Taiwo Awoniyi,Nott'm Forest,FWD,5.2
Dane Scarlett,Dane Scarlett,Spurs,FWD,4.3
Dominic Solanke-Mitchell,Dominic Solanke,Spurs,FWD,7.2
Randal Kolo Muani,Randal Kolo Muani,Spurs,FWD,6.9
Richarlison de Andrade,Richarlison,Spurs,FWD,6.3
Will Lankshear,Will Lankshear,Spurs,FWD,4.5
Ahmed Abdullahi,Ahmed Abdullahi,Sunderland,FWD,4.2
Brian Brobbey,Brian Brobbey,Sunderland,FWD,5.5
Eliezer Mayenda Dossou,Eliezer Mayenda,Sunderland,FWD,5.2
Luís Hemir Silva Semedo,Luís Hemir Silva Semedo,Sunderland,FWD,4.4
Nazarii Rusyn,Nazarii Rusyn,Sunderland,FWD,4.4
Wilson Isidor,Wilson Isidor,Sunderland,FWD,5.1
Callum Marshall,Callum Marshall,West Ham,FWD,4.3
Callum Wilson,Callum Wilson,West Ham,FWD,5.8
Jarrod Bowen,Jarrod Bowen,West Ham,FWD,7.6
Niclas Füllkrug,Niclas Fullkrug,West Ham,FWD,5.6
Pablo Felipe Pereira de Jesus,Pablo,West Ham,FWD,5.5
Valentín Castellanos,Taty Castellanos,West Ham,FWD,5.5
Adam Armstrong,Adam Armstrong,Wolves,FWD,5.5
Fábio Soares Silva,Fábio Soares Silva,Wolves,FWD,4.9
Leon Chiwome,Leon Chiwome,Wolves,FWD,4.4
Mateus Mané,Mateus Mane,Wolves,FWD,4.6
Nathan Fraser,Nathan Fraser,Wolves,FWD,4.2
Saša Kalajdžić,Saša Kalajdžić,Wolves,FWD,4.9
Tolu Arokodare,Tolu Arokodare,Wolves,FWD,5.4
David Raya Martín,David Raya,Arsenal,GK,6.0
Karl Hein,Karl Hein,Arsenal,GK,4.0
Kepa Arrizabalaga Revuelta,Kepa Arrizabalaga,Arsenal,GK,4.1
Tommy Setford,Tommy Setford,Arsenal,GK,3.9
Emiliano Martínez Romero,Emiliano Martinez,Aston Villa,GK,5.0
Filip Marschall,Filip Marschall,Aston Villa,GK,4.0
James Wright,James Wright,Aston Villa,GK,3.9
Joe Gauci,Joe Gauci,Aston Villa,GK,4.0
Marco Bizot,Marco Bizot,Aston Villa,GK,4.2
Ronnie Hollingshead,Ronnie Hollingshead,Aston Villa,GK,4.0
Sam Proctor,Sam Proctor,Aston Villa,GK,3.9
Alex Paulsen,Alex Paulsen,Bournemouth,GK,4.0
Callan McKenna,Callan McKenna,Bournemouth,GK,3.9
Christos Mandas,Christos Mandas,Bournemouth,GK,4.0
Đorđe Petrović,Djordje Petrovic,Bournemouth,GK,4.5
Fraser Forster,Fraser Forster,Bournemouth,GK,4.0
Norberto Murara Neto,Norberto Murara Neto,Bournemouth,GK,4.5
Will Dennis,Will Dennis,Bournemouth,GK,4.0
Caoimhín Kelleher,Caoimhin Kelleher,Brentford,GK,4.6
Ellery Balcombe,Ellery Balcombe,Brentford,GK,3.9
Hákon Rafn Valdimarsson,Hákon Rafn Valdimarsson,Brentford,GK,3.9
Julian Eyestone,Julian Eyestone,Brentford,GK,3.9
Matthew Cox,Matthew Cox,Brentford,GK,3.9
Bart Verbruggen,Bart Verbruggen,Brighton,GK,4.5
Carl Rushworth,Carl Rushworth,Brighton,GK,4.0
Jason Steele,Jason Steele,Brighton,GK,4.2
Kjell Scherpen,Kjell Scherpen,Brighton,GK,4.0
Tom McGill,Tom McGill,Brighton,GK,3.9
Etienne Green,Etienne Green,Burnley,GK,4.0
Martin Dúbravka,Martin Dubravka,Burnley,GK,4.0
Max Weiß,Max Weiss,Burnley,GK,4.3
Václav Hladký,Václav Hladký,Burnley,GK,3.9
Filip Jörgensen,Filip Jörgensen,Chelsea,GK,4.3
Gabriel Słonina,Gabriel Słonina,Chelsea,GK,3.9
Max Merrick,Max Merrick,Chelsea,GK,4.0
Mike Penders,Mike Penders,Chelsea,GK,4.0
Robert Lynch Sánchez,Robert Sanchez,Chelsea,GK,4.9
Teddy Sharman-Lowe,Teddy Sharman-Lowe,Chelsea,GK,4.0
Dean Henderson,Dean Henderson,Crystal Palace,GK,5.0
Remi Matthews,Remi Matthews,Crystal Palace,GK,3.9
Walter Benítez,Walter Benítez,Crystal Palace,GK,4.0
Harry Tyrer,Harry Tyrer,Everton,GK,3.9
Jordan Pickford,Jordan Pickford,Everton,GK,5.6
Mark Travers,Mark Travers,Everton,GK,4.3
Tom King,Tom King,Everton,GK,3.9
Alfie McNally,Alfie McNally,Fulham,GK,4.0
Benjamin Lecomte,Benjamin Lecomte,Fulham,GK,3.9
Bernd Leno,Bernd Leno,Fulham,GK,4.9
Steven Benda,Steven Benda,Fulham,GK,4.0
Alex Cairns,Alex Cairns,Leeds,GK,3.9
Illan Meslier,Illan Meslier,Leeds,GK,4.2
Karl Darlow,Karl Darlow,Leeds,GK,3.9
Lucas Estella Perri,Lucas Perri,Leeds,GK,4.5
Alisson Becker,Alisson Becker,Liverpool,GK,5.4
Freddie Woodman,Freddie Woodman,Liverpool,GK,3.9
Giorgi Mamardashvili,Giorgi Mamardashvili,Liverpool,GK,4.1
Ármin Pécsi,Ármin Pécsi,Liverpool,GK,3.8
Ederson Santana de Moraes,Ederson,Man City,GK,5.3
Gianluigi Donnarumma,Gianluigi Donnarumma,Man City,GK,5.6
James Trafford,James Trafford,Man City,GK,4.5
Marcus Bettinelli,Marcus Bettinelli,Man City,GK,3.8
Altay Bayındır,Altay Bayindir,Man Utd,GK,4.7
André Onana,Andre Onana,Man Utd,GK,4.9
Dermot Mee,Dermot Mee,Man Utd,GK,3.9
Elyh Harrison,Elyh Harrison,Man Utd,GK,4.0
Senne Lammens,Senne Lammens,Man Utd,GK,5.0
Tom Heaton,Tom Heaton,Man Utd,GK,3.9
Aaron Ramsdale,Aaron Ramsdale,Newcastle,GK,4.8
John Ruddy,John Ruddy,Newcastle,GK,4.0
Mark Gillespie,Mark Gillespie,Newcastle,GK,3.9
Nick Pope,Nick Pope,Newcastle,GK,5.1
Odysseas Vlachodimos,Odysseas Vlachodimos,Newcastle,GK,4.0
Angus Gunn,Angus Gunn,Nott'm Forest,GK,4.0
Carlos Miguel dos Santos Pereira,Carlos Miguel dos Santos Pereira,Nott'm Forest,GK,4.0
John Victor Maciel Furtado,John Victor Maciel Furtado,Nott'm Forest,GK,4.0
Matt Turner,Matt Turner,Nott'm Forest,GK,4.0
Matz Sels,Matz Sels,Nott'm Forest,GK,4.6
Stefan Ortega Moreno,Stefan Ortega Moreno,Nott'm Forest,GK,4.7
Antonín Kinský,Antonín Kinský,Spurs,GK,3.9
Brandon Austin,Brandon Austin,Spurs,GK,3.9
Guglielmo Vicario,Guglielmo Vicario,Spurs,GK,4.7
Anthony Patterson,Anthony Patterson,Sunderland,GK,4.2
Blondy Nna Noukeu,Blondy Nna Noukeu,Sunderland,GK,3.9
Melker Ellborg,Melker Ellborg,Sunderland,GK,4.0
Robin Roefs,Robin Roefs,Sunderland,GK,4.9
Simon Moore,Simon Moore,Sunderland,GK,3.9
Alphonse Areola,Alphonse Areola,West Ham,GK,4.3
Krisztián Hegyi,Krisztián Hegyi,West Ham,GK,3.9
Lukasz Fabianski,Lukasz Fabianski,West Ham,GK,4.5
Mads Hermansen,Mads Hermansen,West Ham,GK,4.2
Wes Foderingham,Wes Foderingham,West Ham,GK,4.0
Daniel Bentley,Daniel Bentley,Wolves,GK,3.9
José Malheiro de Sá,Jose Sa,Wolves,GK,4.2
Sam Johnstone,Sam Johnstone,Wolves,GK,4.4
Albert Sambi Lokonga,Albert Sambi Lokonga,Arsenal,MID,4.5
Andre Harriman-Annous,Andre Harriman-Annous,Arsenal,MID,4.4
Bukayo Saka,Bukayo Saka,Arsenal,MID,9.9
Christian Nørgaard,Christian Norgaard,Arsenal,MID,5.1
Declan Rice,Declan Rice,Arsenal,MID,7.5
Eberechi Eze,Eberechi Eze,Arsenal,MID,7.2
Ethan Nwaneri,Ethan Nwaneri,Arsenal,MID,5.0
Fábio Ferreira Vieira,Fabio Vieira,Arsenal,MID,5.4
Gabriel Martinelli Silva,Gabriel Martinelli,Arsenal,MID,6.8
Ismeal Kabia,Ismeal Kabia,Arsenal,MID,4.5
Leandro Trossard,Leandro Trossard,Arsenal,MID,6.8
Martin Ødegaard,Martin Odegaard,Arsenal,MID,7.8
Martín Zubimendi Ibáñez,Martin Zubimendi,Arsenal,MID,5.3
Max Dowman,Max Dowman,Arsenal,MID,4.2
Mikel Merino Zazón,Mikel Merino,Arsenal,MID,5.4
Noni Madueke,Noni Madueke,Arsenal,MID,6.8
Alysson Edward Franco da Rocha dos Santos,Alysson Edward Franco da Rocha dos Santos,Aston Villa,MID,5.0
Amadou Onana,Amadou Onana,Aston Villa,MID,4.8
Ben Broggio,Ben Broggio,Aston Villa,MID,4.4
Boubacar Kamara,Boubacar Kamara,Aston Villa,MID,4.9
Bradley Burrowes,Bradley Burrowes,Aston Villa,MID,4.4
Donyell Malen,Donyell Malen,Aston Villa,MID,5.1
Douglas Luiz Soares de Paulo,Douglas Luiz,Aston Villa,MID,4.9
Emiliano Buendía Stati,Emiliano Buendia,Aston Villa,MID,5.3
Enzo Barrenechea,Enzo Barrenechea,Aston Villa,MID,5.0
George Hemmings,George Hemmings,Aston Villa,MID,4.5
Harvey Elliott,Harvey Elliott,Aston Villa,MID,5.1
Jadon Sancho,Jadon Sancho,Aston Villa,MID,5.8
Jamaldeen Jimoh-Aloba,Jamaldeen Jimoh-Aloba,Aston Villa,MID,4.5
John McGinn,John McGinn,Aston Villa,MID,5.4
Kadan Young,Kadan Young,Aston Villa,MID,4.3
Leander Dendoncker,Leander Dendoncker,Aston Villa,MID,4.5
Leon Bailey,Leon Bailey,Aston Villa,MID,5.5
Lewis Dobbin,Lewis Dobbin,Aston Villa,MID,5.0
Morgan Rogers,Morgan Rogers,Aston Villa,MID,7.7
Ross Barkley,Ross Barkley,Aston Villa,MID,4.8
Samuel Iling-Junior,Samuel Iling-Junior,Aston Villa,MID,5.5
Youri Tielemans,Youri Tielemans,Aston Villa,MID,5.9
Alex Scott,Alex Scott,Bournemouth,MID,5.0
Alex Tóth,Alex Tóth,Bournemouth,MID,5.0
Amine Adli,Amine Adli,Bournemouth,MID,5.4
Ben Gannon-Doak,Ben Gannon-Doak,Bournemouth,MID,4.8
Ben Winterburn,Ben Winterburn,Bournemouth,MID,4.5
Charlie Stevens,Charlie Stevens,Bournemouth,MID,4.5
David Brooks,David Brooks,Bournemouth,MID,5.0
Dominic Sadi,Dominic Sadi,Bournemouth,MID,4.5
Hamed Traorè,Hamed Traorè,Bournemouth,MID,4.5
Justin Kluivert,Justin Kluivert,Bournemouth,MID,7.0
Lewis Cook,Lewis Cook,Bournemouth,MID,4.9
Luis Sinisterra Lucumí,Luis Sinisterra Lucumí,Bournemouth,MID,5.0
Malcom DaCosta,Malcom DaCosta,Bournemouth,MID,4.5
Marcus Tavernier,Marcus Tavernier,Bournemouth,MID,5.3
Philip Billing,Philip Billing,Bournemouth,MID,4.9
Rayan Vitor Simplício Rocha,Rayan,Bournemouth,MID,5.5
Remy Rees-Dottin,Remy Rees-Dottin,Bournemouth,MID,4.3
Romain Faivre,Romain Faivre,Bournemouth,MID,4.5
Ryan Christie,Ryan Christie,Bournemouth,MID,4.9
Tyler Adams,Tyler Adams,Bournemouth,MID,4.9
Zain Silcott-Duberry,Zain Silcott-Duberry,Bournemouth,MID,4.4
Antoni Milambo,Antoni Milambo,Brentford,MID,5.2
Dango Ouattara,Dango Ouattara,Brentford,MID,5.8
Fábio Freitas Gouveia Carvalho,Fabio Carvalho,Brentford,MID,4.7
Frank Onyeka,Frank Onyeka,Brentford,MID,4.8
Gustavo Nunes Fernandes Gomes,Gustavo Nunes Fernandes Gomes,Brentford,MID,4.9
Jordan Henderson,Jordan Henderson,Brentford,MID,5.0
Josh Dasilva,Josh Dasilva,Brentford,MID,4.9
Kevin Schade,Kevin Schade,Brentford,MID,6.9
Luka Bentt,Luka Bentt,Brentford,MID,4.5
Mathias Jensen,Mathias Jensen,Brentford,MID,4.9
Mikkel Damsgaard,Mikkel Damsgaard,Brentford,MID,5.6
Myles Peart-Harris,Myles Peart-Harris,Brentford,MID,4.4
Paris Maghoma,Paris Maghoma,Brentford,MID,4.5
Reiss Nelson,Reiss Nelson,Brentford,MID,4.8
Romelle Donovan,Romelle Donovan,Brentford,MID,4.4
Ryan Trevitt,Ryan Trevitt,Brentford,MID,4.5
Vitaly Janelt,Vitaly Janelt,Brentford,MID,4.9
Yehor Yarmoliuk,Yehor Yarmoliuk,Brentford,MID,5.0
Yunus Emre Konak,Yunus Emre Konak,Brentford,MID,4.3
Abdallah Sima,Abdallah Sima,Brighton,MID,5.4
Adrian Mazilu,Adrian Mazilu,Brighton,MID,4.5
Andrew Moran,Andrew Moran,Brighton,MID,4.5
Brajan Gruda,Brajan Gruda,Brighton,MID,5.4
Carlos Baleba,Carlos Baleba,Brighton,MID,4.5
Diego Gómez Amarilla,Diego Gomez,Brighton,MID,4.9
Georginio Rutter,Georginio Rutter,Brighton,MID,5.6
Harry Howell,Harry Howell,Brighton,MID,4.5
Jack Hinshelwood,Jack Hinshelwood,Brighton,MID,5.1
James Milner,James Milner,Brighton,MID,4.9
Jeremy Sarmiento Morante,Jeremy Sarmiento Morante,Brighton,MID,4.9
Joe Knight,Joe Knight,Brighton,MID,4.4
Julio Enciso Espínola,Julio Enciso Espínola,Brighton,MID,5.4
Mitoma Kaoru,Kaoru Mitoma,Brighton,MID,6.1
Malick Yalcouyé,Malick Yalcouyé,Brighton,MID,5.0
Mats Wieffer,Mats Wieffer,Brighton,MID,4.9
Matt O'Riley,Matt O'Riley,Brighton,MID,5.5
Nehemiah Oriola,Nehemiah Oriola,Brighton,MID,4.5
Pascal Groß,Pascal Gross,Brighton,MID,5.5
Solly March,Solly March,Brighton,MID,5.8
Tom Watson,Tom Watson,Brighton,MID,4.8
Yankuba Minteh,Yankuba Minteh,Brighton,MID,5.6
Yasin Ayari,Yasin Ayari,Brighton,MID,4.8
Aaron Ramsey,Aaron Ramsey,Burnley,MID,4.4
Darko Churlinov,Darko Churlinov,Burnley,MID,4.9
Enock Agyei,Enock Agyei,Burnley,MID,4.7
Florentino Ibrain Morris Luís,Florentino,Burnley,MID,5.0
George Brierley,George Brierley,Burnley,MID,4.5
Hannibal Mejbri,Hannibal Mejbri,Burnley,MID,4.7
Jacob Bruun Larsen,Jacob Bruun Larsen,Burnley,MID,5.3
Jaidon Anthony,Jaidon Anthony,Burnley,MID,5.0
James Ward-Prowse,James Ward-Prowse,Burnley,MID,5.6
Jaydon Banel,Jaydon Banel,Burnley,MID,4.5
Josh Cullen,Josh Cullen,Burnley,MID,4.9
Josh Laurent,Josh Laurent,Burnley,MID,4.8
Lesley Ugochukwu,Lesley Ugochukwu,Burnley,MID,5.0
Loum Tchaouna,Loum Tchaouna,Burnley,MID,4.9
Luca Koleosho,Luca Koleosho,Burnley,MID,5.0
Manuel Benson Hedilazio,Manuel Benson Hedilazio,Burnley,MID,5.4
Marcus Edwards,Marcus Edwards,Burnley,MID,4.7
Mike Trésor Ndayishimiye,Mike Trésor Ndayishimiye,Burnley,MID,4.4
Oliver Pimlott,Oliver Pimlott,Burnley,MID,4.5
Oluwaseun Adewumi,Oluwaseun Adewumi,Burnley,MID,4.5
Alejandro Garnacho Ferreyra,Alejandro Garnacho,Chelsea,MID,6.4
Andrey Nascimento dos Santos,Andrey Santos,Chelsea,MID,4.5
Christopher Nkunku,Christopher Nkunku,Chelsea,MID,5.9
Cole Palmer,Cole Palmer,Chelsea,MID,10.6
Dário Luís Essugo,Dário Luís Essugo,Chelsea,MID,4.3
Enzo Fernández,Enzo Fernandez,Chelsea,MID,6.9
Estêvão Almeida de Oliveira Gonçalves,Estevao,Chelsea,MID,6.4
Jamie Bynoe-Gittens,Jamie Gittens,Chelsea,MID,6.0
Kendry Páez Andrade,Kendry Páez Andrade,Chelsea,MID,4.5
Landon Emenalo,Landon Emenalo,Chelsea,MID,4.5
Moisés Caicedo Corozo,Moises Caicedo,Chelsea,MID,5.7
Mykhailo Mudryk,Mykhailo Mudryk,Chelsea,MID,4.9
Pedro Lomba Neto,Pedro Neto,Chelsea,MID,7.0
Roméo Lavia,Roméo Lavia,Chelsea,MID,4.9
Adam Wharton,Adam Wharton,Crystal Palace,MID,5.0
Asher Agbinone,Asher Agbinone,Crystal Palace,MID,4.3
Brennan Johnson,Brennan Johnson,Crystal Palace,MID,6.5
Cheick Doucouré,Cheick Doucoure,Crystal Palace,MID,4.9
Daichi Kamada,Daichi Kamada,Crystal Palace,MID,5.0
David Ozoh,David Ozoh,Crystal Palace,MID,4.5
Evann Guessand,Evann Guessand,Crystal Palace,MID,6.2
Franco Umeh-Chibueze,Franco Umeh-Chibueze,Crystal Palace,MID,4.5
Ismaïla Sarr,Ismaila Sarr,Crystal Palace,MID,6.4
Jefferson Lerma Solís,Jefferson Lerma,Crystal Palace,MID,4.9
Jesurun Rak-Sakyi,Jesurun Rak-Sakyi,Crystal Palace,MID,4.4
Joél Drakes-Thomas,Joél Drakes-Thomas,Crystal Palace,MID,4.5
Justin Devenny,Justin Devenny,Crystal Palace,MID,4.3
Kaden Rodney,Kaden Rodney,Crystal Palace,MID,4.4
Malcolm Ebiowei,Malcolm Ebiowei,Crystal Palace,MID,4.5
Matheus França de Oliveira,Matheus França de Oliveira,Crystal Palace,MID,4.5
Naouirou Ahamada,Naouirou Ahamada,Crystal Palace,MID,4.3
Rio Cardines,Rio Cardines,Crystal Palace,MID,4.4
Romain Esse,Romain Esse,Crystal Palace,MID,4.7
Will Hughes,Will Hughes,Crystal Palace,MID,4.7
Yéremy Pino Santos,Yeremy Pino,Crystal Palace,MID,5.8
Callum Bates,Callum Bates,Everton,MID,4.3
Carlos Alcaraz Durán,Charly Alcaraz,Everton,MID,5.2
Coby Ebere,Coby Ebere,Everton,MID,4.4
Dwight McNeil,Dwight McNeil,Everton,MID,5.5
Harrison Armstrong,Harrison Armstrong,Everton,MID,4.5
Idrissa Gana Gueye,Idrissa Gueye,Everton,MID,5.4
Iliman Ndiaye,Iliman Ndiaye,Everton,MID,6.2
Isaac Heath,Isaac Heath,Everton,MID,4.5
Jack Grealish,Jack Grealish,Everton,MID,6.3
James Garner,James Garner,Everton,MID,5.2
Jenson Metcalfe,Jenson Metcalfe,Everton,MID,4.5
Kiernan Dewsbury-Hall,Kiernan Dewsbury-Hall,Everton,MID,4.9
Merlin Röhl,Merlin Röhl,Everton,MID,5.0
Tim Iroegbunam,Tim Iroegbunam,Everton,MID,4.8
Tyler Dibling,Tyler Dibling,Everton,MID,5.3
Tyler Onyango,Tyler Onyango,Everton,MID,4.5
Tyrique George,Tyrique George,Everton,MID,4.8
Alex Iwobi,Alex Iwobi,Fulham,MID,6.3
Andreas Hoelgebaum Pereira,Andreas Hoelgebaum Pereira,Fulham,MID,5.3
Emile Smith Rowe,Emile Smith Rowe,Fulham,MID,5.6
Harrison Reed,Harrison Reed,Fulham,MID,4.3
Harry Wilson,Harry Wilson,Fulham,MID,5.9
Josh King,Josh King,Fulham,MID,4.4
Kevin Santos Lopes de Macedo,Kevin,Fulham,MID,5.8
Luke Harris,Luke Harris,Fulham,MID,4.5
Martial Godo,Martial Godo,Fulham,MID,4.5
Oscar Bobb,Oscar Bobb,Fulham,MID,5.1
Ryan Sessegnon,Ryan Sessegnon,Fulham,MID,5.4
Samuel Chukwueze,Samuel Chukwueze,Fulham,MID,5.3
Sander Berge,Sander Berge,Fulham,MID,4.9
Saša Lukić,Sasa Lukic,Fulham,MID,4.9
Seth Ridgeon,Seth Ridgeon,Fulham,MID,4.5
Tom Cairney,Tom Cairney,Fulham,MID,4.8
Anton Stach,Anton Stach,Leeds,MID,4.8
Tanaka Ao,Ao Tanaka,Leeds,MID,4.8
Brenden Aaronson,Brenden Aaronson,Leeds,MID,5.4
Charlie Crew,Charlie Crew,Leeds,MID,4.5
Daniel James,Daniel James,Leeds,MID,5.2
Darko Gyabi,Darko Gyabi,Leeds,MID,4.5
Ethan Ampadu,Ethan Ampadu,Leeds,MID,4.9
Facundo Buonanotte,Facundo Buonanotte,Leeds,MID,4.6
Ilia Gruev,Ilia Gruev,Leeds,MID,4.7
Jack Harrison,Jack Harrison,Leeds,MID,5.1
Joe Gelhardt,Joe Gelhardt,Leeds,MID,4.5
Largie Ramazani,Largie Ramazani,Leeds,MID,4.9
Noah Okafor,Noah Okafor,Leeds,MID,5.5
Sam Chambers,Sam Chambers,Leeds,MID,4.4
Sam Greenwood,Sam Greenwood,Leeds,MID,4.9
Sean Longstaff,Sean Longstaff,Leeds,MID,4.8
Wilfried Gnonto,Wilfried Gnonto,Leeds,MID,5.2
Alexis Mac Allister,Alexis Mac Allister,Liverpool,MID,6.2
Cody Gakpo,Cody Gakpo,Liverpool,MID,7.3
Curtis Jones,Curtis Jones,Liverpool,MID,5.4
Dominik Szoboszlai,Dominik Szoboszlai,Liverpool,MID,6.7
Endo Wataru,Endo Wataru,Liverpool,MID,4.9
Federico Chiesa,Federico Chiesa,Liverpool,MID,6.3
Florian Wirtz,Florian Wirtz,Liverpool,MID,8.4
James McConnell,James McConnell,Liverpool,MID,4.4
Kieran Morrison,Kieran Morrison,Liverpool,MID,4.5
Luis Díaz Marulanda,Luis Díaz Marulanda,Liverpool,MID,8.0
Mohamed Salah,Mohamed Salah,Liverpool,MID,14.0
Rio Ngumoha,Rio Ngumoha,Liverpool,MID,4.3
Ryan Gravenberch,Ryan Gravenberch,Liverpool,MID,5.5
Stefan Bajčetić Maquieira,Stefan Bajčetić Maquieira,Liverpool,MID,4.3
Trey Nyoni,Trey Nyoni,Liverpool,MID,4.3
Tyler Morton,Tyler Morton,Liverpool,MID,4.5
Antoine Semenyo,Antoine Semenyo,Man City,MID,8.0
Bernardo Mota Veiga de Carvalho e Silva,Bernardo Silva,Man City,MID,6.2
Charlie Gray,Charlie Gray,Man City,MID,4.5
Claudio Echeverri,Claudio Echeverri,Man City,MID,5.4
Divine Mukasa,Divine Mukasa,Man City,MID,4.4
İlkay Gündoğan,Ilkay Gundogan,Man City,MID,6.3
Jérémy Doku,Jeremy Doku,Man City,MID,6.4
Kalvin Phillips,Kalvin Phillips,Man City,MID,4.7
Mateo Kovačić,Mateo Kovačić,Man City,MID,5.8
Nico González Iglesias,Nico Gonzalez,Man City,MID,5.9
Omar Marmoush,Omar Marmoush,Man City,MID,8.3
Phil Foden,Phil Foden,Man City,MID,8.3
Rayan Cherki,Rayan Cherki,Man City,MID,6.5
Reigan Heskey,Reigan Heskey,Man City,MID,4.5
Rodrigo 'Rodri' Hernandez Cascante,Rodri,Man City,MID,6.3
Ryan McAidoo,Ryan McAidoo,Man City,MID,4.5
Sávio Moreira de Oliveira,Savinho,Man City,MID,6.9
Sverre Nypan,Sverre Nypan,Man City,MID,5.0
Tijjani Reijnders,Tijjani Reijnders,Man City,MID,5.1
Amad Diallo,Amad Diallo,Man Utd,MID,6.2
Antony dos Santos,Antony dos Santos,Man Utd,MID,5.9
Bendito Mantato,Bendito Mantato,Man Utd,MID,4.5
Bruno Borges Fernandes,Bruno Fernandes,Man Utd,MID,9.8
Bryan Mbeumo,Bryan Mbeumo,Man Utd,MID,8.6
Carlos Henrique Casimiro,Casemiro,Man Utd,MID,5.6
Jack Fletcher,Jack Fletcher,Man Utd,MID,4.3
Jack Moorhouse,Jack Moorhouse,Man Utd,MID,4.5
Jayce Fitzgerald,Jayce Fitzgerald,Man Utd,MID,4.3
Kobbie Mainoo,Kobbie Mainoo,Man Utd,MID,4.6
Manuel Ugarte Ribeiro,Manuel Ugarte,Man Utd,MID,4.7
Marcus Rashford,Marcus Rashford,Man Utd,MID,7.0
Mason Mount,Mason Mount,Man Utd,MID,5.9
Matheus Santos Carneiro da Cunha,Matheus Cunha,Man Utd,MID,8.1
Shea Lacey,Shea Lacey,Man Utd,MID,4.5
Sékou Koné,Sékou Koné,Man Utd,MID,4.3
Toby Collyer,Toby Collyer,Man Utd,MID,4.5
Tyler Fletcher,Tyler Fletcher,Man Utd,MID,4.4
Anthony Elanga,Anthony Elanga,Newcastle,MID,6.5
Anthony Gordon,Anthony Gordon,Newcastle,MID,7.2
Antoñito Cordero Campillo,Antoñito Cordero Campillo,Newcastle,MID,4.9
Bruno Guimarães Rodriguez Moura,Bruno Guimaraes,Newcastle,MID,6.9
Garang Kuol,Garang Kuol,Newcastle,MID,4.4
Harvey Barnes,Harvey Barnes,Newcastle,MID,6.1
Isaac Hayden,Isaac Hayden,Newcastle,MID,4.5
Jacob Murphy,Jacob Murphy,Newcastle,MID,5.9
Jacob Ramsey,Jacob Ramsey,Newcastle,MID,5.3
Joe White,Joe White,Newcastle,MID,4.5
Joe Willock,Joe Willock,Newcastle,MID,5.0
Joelinton Cássio Apolinário de Lira,Joelinton,Newcastle,MID,5.9
Lewis Miley,Lewis Miley,Newcastle,MID,4.5
Sam Alabi,Sam Alabi,Newcastle,MID,4.5
Sandro Tonali,Sandro Tonali,Newcastle,MID,5.3
Seung-Soo Park,Seung-Soo Park,Newcastle,MID,4.3
Callum Hudson-Odoi,Callum Hudson-Odoi,Nott'm Forest,MID,5.7
Dan Ndoye,Dan Ndoye,Nott'm Forest,MID,5.5
Dilane Bakwa,Dilane Bakwa,Nott'm Forest,MID,5.9
Elliot Anderson,Elliot Anderson,Nott'm Forest,MID,5.4
Eric da Silva Moreira,Eric da Silva Moreira,Nott'm Forest,MID,4.5
Ibrahim Sangaré,Ibrahim Sangare,Nott'm Forest,MID,4.9
James McAtee,James McAtee,Nott'm Forest,MID,5.0
João Pedro Ferreira da Silva,João Pedro Ferreira da Silva,Nott'm Forest,MID,5.4
Lewis O'Brien,Lewis O'Brien,Nott'm Forest,MID,5.0
Marko Stamenić,Marko Stamenić,Nott'm Forest,MID,4.5
Morgan Gibbs-White,Morgan Gibbs-White,Nott'm Forest,MID,7.3
Nicolás Domínguez,Nicolas Dominguez,Nott'm Forest,MID,5.0
Omari Hutchinson,Omari Hutchinson,Nott'm Forest,MID,5.4
Ryan Yates,Ryan Yates,Nott'm Forest,MID,4.7
Archie Gray,Archie Gray,Spurs,MID,4.8
Bryan Gil Salvatierra,Bryan Gil Salvatierra,Spurs,MID,4.9
Callum Olusesi,Callum Olusesi,Spurs,MID,4.3
Conor Gallagher,Conor Gallagher,Spurs,MID,5.4
Dejan Kulusevski,Dejan Kulusevski,Spurs,MID,6.4
James Maddison,James Maddison,Spurs,MID,6.8
João Maria Lobo Alves Palhares Costa Palhinha Gonçalves,Joao Palhinha,Spurs,MID,5.5
Lucas Bergvall,Lucas Bergvall,Spurs,MID,5.2
Lucá Williams-Barnett,Lucá Williams-Barnett,Spurs,MID,4.5
Manor Solomon,Manor Solomon,Spurs,MID,5.4
Mathys Tel,Mathys Tel,Spurs,MID,6.2
Mikey Moore,Mikey Moore,Spurs,MID,5.0
Mohammed Kudus,Mohammed Kudus,Spurs,MID,6.4
Pape Matar Sarr,Pape Matar Sarr,Spurs,MID,4.5
Rio Kyerematen,Rio Kyerematen,Spurs,MID,4.5
Rodrigo Bentancur,Rodrigo Bentancur,Spurs,MID,5.3
Son Heung-min,Son Heung-min,Spurs,MID,8.5
Wilson Odobert,Wilson Odobert,Spurs,MID,5.3
Xavi Simons,Xavi Simons,Spurs,MID,6.5
Yang Min-hyeok,Yang Min-hyeok,Spurs,MID,4.5
Yusuf Akhamrich,Yusuf Akhamrich,Spurs,MID,4.5
Yves Bissouma,Yves Bissouma,Spurs,MID,5.2
Abdoullah Ba,Abdoullah Ba,Sunderland,MID,4.3
Alan Browne,Alan Browne,Sunderland,MID,4.5
Bertrand Traoré,Bertrand Traore,Sunderland,MID,5.5
Chemsdine Talbi,Chemsdine Talbi,Sunderland,MID,4.9
Chris Rigg,Chris Rigg,Sunderland,MID,4.7
Dan Neil,Dan Neil,Sunderland,MID,4.8
Djiamgone Jocelin Ta Bi,Djiamgone Jocelin Ta Bi,Sunderland,MID,5.0
Enzo Le Fée,Enzo Le Fee,Sunderland,MID,4.9
Granit Xhaka,Granit Xhaka,Sunderland,MID,5.1
Habib Diarra,Habib Diarra,Sunderland,MID,5.3
Harrison Jones,Harrison Jones,Sunderland,MID,4.3
Ian Poveda-Ocampo,Ian Poveda-Ocampo,Sunderland,MID,4.8
Jay Matete,Jay Matete,Sunderland,MID,4.3
Milan Aleksić,Milan Aleksić,Sunderland,MID,4.9
Nectarios Triantis,Nectarios Triantis,Sunderland,MID,4.4
Nilson Angulo,Nilson Angulo,Sunderland,MID,5.0
Noah Sadiki,Noah Sadiki,Sunderland,MID,4.9
Patrick Roberts,Patrick Roberts,Sunderland,MID,5.4
Pierre Ekwah Elimby,Pierre Ekwah Elimby,Sunderland,MID,4.5
Romaine Mundle,Romaine Mundle,Sunderland,MID,4.9
Simon Adingra,Simon Adingra,Sunderland,MID,4.9
Tymur Tutierov,Tymur Tutierov,Sunderland,MID,4.5
Adama Traoré Diarra,Adama Traore,West Ham,MID,5.1
Andy Irving,Andy Irving,West Ham,MID,4.3
Crysencio Summerville,Crysencio Summerville,West Ham,MID,5.6
Edson Álvarez Velázquez,Edson Álvarez Velázquez,West Ham,MID,4.9
Freddie Potts,Freddie Potts,West Ham,MID,4.4
George Earthy,George Earthy,West Ham,MID,4.5
Guido Rodríguez,Guido Rodríguez,West Ham,MID,4.8
Keiber Lamadrid,Keiber Lamadrid,West Ham,MID,5.0
Lewis Orford,Lewis Orford,West Ham,MID,4.4
Lucas Tolentino Coelho de Lima,Lucas Paqueta,West Ham,MID,5.9
Luis Guilherme Lira dos Santos,Luis Guilherme,West Ham,MID,4.9
Mateus Gonçalo Espanha Fernandes,Mateus Fernandes,West Ham,MID,5.5
Maxwel Cornet,Maxwel Cornet,West Ham,MID,4.9
Mohamadou Kanté,Mohamadou Kanté,West Ham,MID,4.5
Soungoutou Magassa,Soungoutou Magassa,West Ham,MID,5.0
Tomáš Souček,Tomas Soucek,West Ham,MID,5.7
André Trindade da Costa Neto,Andre,Wolves,MID,5.3
Angel Gomes,Angel Gomes,Wolves,MID,5.0
Boubacar Traoré,Boubacar Traoré,Wolves,MID,5.0
Enso González Medina,Enso González Medina,Wolves,MID,4.3
Ethan Sutherland,Ethan Sutherland,Wolves,MID,4.5
Fer López González,Fer Lopez,Wolves,MID,5.1
Gonçalo Manuel Ganchinho Guedes,Gonçalo Manuel Ganchinho Guedes,Wolves,MID,5.5
Hwang Hee-chan,Hwang Hee-Chan,Wolves,MID,5.6
Jean-Ricner Bellegarde,Jean-Ricner Bellegarde,Wolves,MID,5.1
Jerome Abbey,Jerome Abbey,Wolves,MID,4.5
Jhon Arias,Jhon Arias,Wolves,MID,4.9
João Victor Gomes da Silva,Joao Gomes,Wolves,MID,5.3
Joe Hodge,Joe Hodge,Wolves,MID,4.5
Luke Rawlings,Luke Rawlings,Wolves,MID,4.5
Marshall Munetsi,Marshall Munetsi,Wolves,MID,5.3
Tawanda Chirewa,Tawanda Chirewa,Wolves,MID,4.3
Temple Ojinnaka,Temple Ojinnaka,Wolves,MID,4.5
Tom Edozie,Tom Edozie,Wolves,MID,4.3
