name,position,team,cost
David Raya,GK,Arsenal,6.0
Karl Hein,GK,Arsenal,4.0
Kepa Arrizabalaga,GK,Arsenal,4.1
Tommy Setford,GK,Arsenal,3.9
Ben White,DEF,Arsenal,5.1
Brayden Clarke,DEF,Arsenal,3.8
Cristhian Mosquera,DEF,Arsenal,5.3
Gabriel Magalhaes,DEF,Arsenal,7.1
Jakub Kiwior,DEF,Arsenal,5.4
Josh Nichols,DEF,Arsenal,3.7
Jurrien Timber,DEF,Arsenal,6.4
Maldini Kacurri,DEF,Arsenal,3.9
Marli Salmon,DEF,Arsenal,4.0
Myles Lewis-Skelly,DEF,Arsenal,5.1
Piero Hincapie,DEF,Arsenal,5.1
Riccardo Calafiori,DEF,Arsenal,5.6
William Saliba,DEF,Arsenal,6.1
Albert Sambi Lokonga,MID,Arsenal,4.5
Andre Harriman-Annous,MID,Arsenal,4.4
Bukayo Saka,MID,Arsenal,9.8
Christian Norgaard,MID,Arsenal,5.1
Declan Rice,MID,Arsenal,7.6
Eberechi Eze,MID,Arsenal,7.2
Ethan Nwaneri,MID,Arsenal,5.0
Fabio Vieira,MID,Arsenal,5.4
Gabriel Martinelli,MID,Arsenal,6.8
Ismeal Kabia,MID,Arsenal,4.5
Leandro Trossard,MID,Arsenal,6.8
Martin Odegaard,MID,Arsenal,7.8
Martin Zubimendi,MID,Arsenal,5.3
Max Dowman,MID,Arsenal,4.2
Mikel Merino,MID,Arsenal,5.4
Noni Madueke,MID,Arsenal,6.8
Gabriel Jesus,FWD,Arsenal,6.4
Kai Havertz,FWD,Arsenal,7.3
Viktor Gyokeres,FWD,Arsenal,8.8
Emiliano Martinez,GK,Aston Villa,5.0
Filip Marschall,GK,Aston Villa,4.0
James Wright,GK,Aston Villa,3.9
Joe Gauci,GK,Aston Villa,4.0
Marco Bizot,GK,Aston Villa,4.2
Ronnie Hollingshead,GK,Aston Villa,4.0
Sam Proctor,GK,Aston Villa,3.9
Andrés García,DEF,Aston Villa,3.9
Ezri Konsa,DEF,Aston Villa,4.4
Ian Maatsen,DEF,Aston Villa,4.2
Lamare Bogarde,DEF,Aston Villa,4.0
Leon Routh,DEF,Aston Villa,4.0
Lino da Cruz Sousa,DEF,Aston Villa,3.8
Lucas Digne,DEF,Aston Villa,4.5
Matty Cash,DEF,Aston Villa,4.9
Pau Torres,DEF,Aston Villa,4.3
TJ Carroll,DEF,Aston Villa,4.0
Travis Patterson,DEF,Aston Villa,3.9
Triston Rowe,DEF,Aston Villa,4.0
Tyrone Mings,DEF,Aston Villa,4.3
Victor Lindelof,DEF,Aston Villa,4.5
Yasin Özcan,DEF,Aston Villa,4.0
Álex Moreno Lopera,DEF,Aston Villa,4.0
Alysson Edward Franco da Rocha dos Santos,MID,Aston Villa,5.0
Amadou Onana,MID,Aston Villa,4.8
Ben Broggio,MID,Aston Villa,4.4
Boubacar Kamara,MID,Aston Villa,4.9
Bradley Burrowes,MID,Aston Villa,4.4
Donyell Malen,MID,Aston Villa,5.1
Douglas Luiz,MID,Aston Villa,4.9
Emiliano Buendia,MID,Aston Villa,5.3
Enzo Barrenechea,MID,Aston Villa,5.0
George Hemmings,MID,Aston Villa,4.5
Harvey Elliott,MID,Aston Villa,5.1
Jadon Sancho,MID,Aston Villa,5.8
Jamaldeen Jimoh-Aloba,MID,Aston Villa,4.5
John McGinn,MID,Aston Villa,5.4
Kadan Young,MID,Aston Villa,4.3
Leander Dendoncker,MID,Aston Villa,4.5
Leon Bailey,MID,Aston Villa,5.5
Lewis Dobbin,MID,Aston Villa,5.0
Morgan Rogers,MID,Aston Villa,7.7
Ross Barkley,MID,Aston Villa,4.8
Samuel Iling-Junior,MID,Aston Villa,5.5
Youri Tielemans,MID,Aston Villa,5.9
Ollie Watkins,FWD,Aston Villa,8.6
Tammy Abraham,FWD,Aston Villa,6.0
Zépiqueno Redmond,FWD,Aston Villa,4.5
Alex Paulsen,GK,Bournemouth,4.0
Callan McKenna,GK,Bournemouth,3.9
Christos Mandas,GK,Bournemouth,4.0
Djordje Petrovic,GK,Bournemouth,4.5
Fraser Forster,GK,Bournemouth,4.0
Norberto Murara Neto,GK,Bournemouth,4.5
Will Dennis,GK,Bournemouth,4.0
Adam Smith,DEF,Bournemouth,4.4
Adrien Truffert,DEF,Bournemouth,4.5
Alex Jimenez,DEF,Bournemouth,4.5
Bafode Diakite,DEF,Bournemouth,4.2
Chris Mepham,DEF,Bournemouth,4.0
Illia Zabarnyi,DEF,Bournemouth,5.0
James Hill,DEF,Bournemouth,4.0
Julian Araujo,DEF,Bournemouth,3.8
Julio Soler Barreto,DEF,Bournemouth,4.0
Marcos Senesi,DEF,Bournemouth,4.8
Matai Akinmboni,DEF,Bournemouth,3.8
Owen Bevan,DEF,Bournemouth,3.8
Veljko Milosavljevic,DEF,Bournemouth,4.4
Alex Scott,MID,Bournemouth,5.0
Alex Tóth,MID,Bournemouth,5.0
Amine Adli,MID,Bournemouth,5.4
Ben Gannon-Doak,MID,Bournemouth,4.8
Ben Winterburn,MID,Bournemouth,4.5
Charlie Stevens,MID,Bournemouth,4.5
David Brooks,MID,Bournemouth,5.0
Dominic Sadi,MID,Bournemouth,4.5
Hamed Traorè,MID,Bournemouth,4.5
Justin Kluivert,MID,Bournemouth,7.0
Lewis Cook,MID,Bournemouth,4.9
Luis Sinisterra Lucumí,MID,Bournemouth,5.0
Malcom DaCosta,MID,Bournemouth,4.5
Marcus Tavernier,MID,Bournemouth,5.3
Philip Billing,MID,Bournemouth,4.9
Rayan,MID,Bournemouth,5.5
Remy Rees-Dottin,MID,Bournemouth,4.3
Romain Faivre,MID,Bournemouth,4.5
Ryan Christie,MID,Bournemouth,4.9
Tyler Adams,MID,Bournemouth,4.9
Zain Silcott-Duberry,MID,Bournemouth,4.4
Daniel Adu-Adjei,FWD,Bournemouth,4.4
Enes Ünal,FWD,Bournemouth,5.4
Evanilson,FWD,Bournemouth,6.9
Junior Kroupi,FWD,Bournemouth,4.7
Caoimhin Kelleher,GK,Brentford,4.6
Ellery Balcombe,GK,Brentford,3.9
Hákon Rafn Valdimarsson,GK,Brentford,3.9
Julian Eyestone,GK,Brentford,3.9
Matthew Cox,GK,Brentford,3.9
Aaron Hickey,DEF,Brentford,4.0
Benjamin Arthur,DEF,Brentford,3.8
Benjamin Fredrick,DEF,Brentford,4.0
Ethan Pinnock,DEF,Brentford,4.2
Jayden Meghoma,DEF,Brentford,4.0
Keane Lewis-Potter,DEF,Brentford,4.8
Kim Ji-soo,DEF,Brentford,3.9
Kristoffer Ajer,DEF,Brentford,4.4
Mads Roerslev Rasmussen,DEF,Brentford,4.5
Michael Kayode,DEF,Brentford,4.5
Nathan Collins,DEF,Brentford,5.0
Rico Henry,DEF,Brentford,4.3
Sepp van den Berg,DEF,Brentford,4.5
Antoni Milambo,MID,Brentford,5.2
Dango Ouattara,MID,Brentford,5.8
Fabio Carvalho,MID,Brentford,4.7
Frank Onyeka,MID,Brentford,4.8
Gustavo Nunes Fernandes Gomes,MID,Brentford,4.9
Jordan Henderson,MID,Brentford,5.0
Josh Dasilva,MID,Brentford,4.9
Kevin Schade,MID,Brentford,6.9
Luka Bentt,MID,Brentford,4.5
Mathias Jensen,MID,Brentford,4.9
Mikkel Damsgaard,MID,Brentford,5.6
Myles Peart-Harris,MID,Brentford,4.4
Paris Maghoma,MID,Brentford,4.5
Reiss Nelson,MID,Brentford,4.8
Romelle Donovan,MID,Brentford,4.4
Ryan Trevitt,MID,Brentford,4.5
Vitaly Janelt,MID,Brentford,4.9
Yehor Yarmoliuk,MID,Brentford,5.0
Yunus Emre Konak,MID,Brentford,4.3
Igor Thiago,FWD,Brentford,7.0
Iwan Morgan,FWD,Brentford,4.4
Kaye Furo,FWD,Brentford,4.5
Bart Verbruggen,GK,Brighton,4.5
Carl Rushworth,GK,Brighton,4.0
Jason Steele,GK,Brighton,4.2
Kjell Scherpen,GK,Brighton,4.0
Tom McGill,GK,Brighton,3.9
Adam Webster,DEF,Brighton,4.4
Charlie Tasker,DEF,Brighton,3.8
Diego Coppola,DEF,Brighton,4.2
Eiran Cashin,DEF,Brighton,4.0
Ferdi Kadioglu,DEF,Brighton,4.4
Freddie Simmonds,DEF,Brighton,4.0
Igor Julio,DEF,Brighton,4.5
Jacob Slater,DEF,Brighton,4.0
Jan Paul van Hecke,DEF,Brighton,4.4
Joel Veltman,DEF,Brighton,4.3
Lewis Dunk,DEF,Brighton,4.5
Maxim De Cuyper,DEF,Brighton,4.3
Olivier Boscagli,DEF,Brighton,4.2
Pervis Estupiñán Tenorio,DEF,Brighton,4.5
Tariq Lamptey,DEF,Brighton,4.4
Abdallah Sima,MID,Brighton,5.4
Adrian Mazilu,MID,Brighton,4.5
Andrew Moran,MID,Brighton,4.5
Brajan Gruda,MID,Brighton,5.4
Carlos Baleba,MID,Brighton,4.5
Diego Gomez,MID,Brighton,4.9
Georginio Rutter,MID,Brighton,5.6
Harry Howell,MID,Brighton,4.5
Jack Hinshelwood,MID,Brighton,5.1
James Milner,MID,Brighton,4.9
Jeremy Sarmiento Morante,MID,Brighton,4.9
Joe Knight,MID,Brighton,4.4
Julio Enciso Espínola,MID,Brighton,5.4
Kaoru Mitoma,MID,Brighton,6.1
Malick Yalcouyé,MID,Brighton,5.0
Mats Wieffer,MID,Brighton,4.9
Matt O'Riley,MID,Brighton,5.5
Nehemiah Oriola,MID,Brighton,4.5
Pascal Gross,MID,Brighton,5.5
Solly March,MID,Brighton,5.8
Tom Watson,MID,Brighton,4.8
Yankuba Minteh,MID,Brighton,5.6
Yasin Ayari,MID,Brighton,4.8
Charalampos Kostoulas,FWD,Brighton,4.8
Danny Welbeck,FWD,Brighton,6.1
Evan Ferguson,FWD,Brighton,5.5
Stefanos Tzimas,FWD,Brighton,5.2
Etienne Green,GK,Burnley,4.0
Martin Dubravka,GK,Burnley,4.0
Max Weiss,GK,Burnley,4.3
Václav Hladký,GK,Burnley,3.9
Axel Tuanzebe,DEF,Burnley,3.9
Bashir Humphreys,DEF,Burnley,3.9
Connor Roberts,DEF,Burnley,4.4
Hannes Delcroix,DEF,Burnley,3.8
Hjalmar Ekdal,DEF,Burnley,3.9
Joe Worrall,DEF,Burnley,3.8
Jordan Beyer,DEF,Burnley,3.9
Kyle Walker,DEF,Burnley,4.4
Lucas Pires,DEF,Burnley,3.8
Maxime Esteve,DEF,Burnley,3.9
Oliver Sonne,DEF,Burnley,3.8
Owen Dodgson,DEF,Burnley,4.0
Quilindschy Hartman,DEF,Burnley,4.0
Shurandy Sambo,DEF,Burnley,4.0
Aaron Ramsey,MID,Burnley,4.4
Darko Churlinov,MID,Burnley,4.9
Enock Agyei,MID,Burnley,4.7
Florentino,MID,Burnley,5.0
George Brierley,MID,Burnley,4.5
Hannibal Mejbri,MID,Burnley,4.7
Jacob Bruun Larsen,MID,Burnley,5.3
Jaidon Anthony,MID,Burnley,5.0
James Ward-Prowse,MID,Burnley,5.6
Jaydon Banel,MID,Burnley,4.5
Josh Cullen,MID,Burnley,4.9
Josh Laurent,MID,Burnley,4.8
Lesley Ugochukwu,MID,Burnley,5.0
Loum Tchaouna,MID,Burnley,4.9
Luca Koleosho,MID,Burnley,5.0
Manuel Benson Hedilazio,MID,Burnley,5.4
Marcus Edwards,MID,Burnley,4.7
Mike Trésor Ndayishimiye,MID,Burnley,4.4
Oliver Pimlott,MID,Burnley,4.5
Oluwaseun Adewumi,MID,Burnley,4.5
Armando Broja,FWD,Burnley,5.2
Ashley Barnes,FWD,Burnley,4.2
Lyle Foster,FWD,Burnley,4.9
Michael Obafemi,FWD,Burnley,4.4
Zeki Amdouni,FWD,Burnley,4.8
Zian Flemming,FWD,Burnley,5.3
Filip Jörgensen,GK,Chelsea,4.3
Gabriel Słonina,GK,Chelsea,3.9
Max Merrick,GK,Chelsea,4.0
Mike Penders,GK,Chelsea,4.0
Robert Sanchez,GK,Chelsea,4.9
Teddy Sharman-Lowe,GK,Chelsea,4.0
Aarón Anselmino,DEF,Chelsea,4.0
Benoit Badiashile,DEF,Chelsea,4.4
Jorrel Hato,DEF,Chelsea,4.6
Josh Acheampong,DEF,Chelsea,3.7
Levi Samuels Colwill,DEF,Chelsea,4.7
Malang Sarr,DEF,Chelsea,4.5
Malo Gusto,DEF,Chelsea,4.9
Marc Cucurella,DEF,Chelsea,6.1
Reece James,DEF,Chelsea,5.6
Tosin Adarabioyo,DEF,Chelsea,4.0
Trevoh Chalobah,DEF,Chelsea,5.8
Wesley Fofana,DEF,Chelsea,4.4
Alejandro Garnacho,MID,Chelsea,6.4
Andrey Santos,MID,Chelsea,4.5
Christopher Nkunku,MID,Chelsea,5.9
Cole Palmer,MID,Chelsea,10.6
Dário Luís Essugo,MID,Chelsea,4.3
Enzo Fernandez,MID,Chelsea,6.9
Estevao,MID,Chelsea,6.4
Jamie Gittens,MID,Chelsea,6.0
Kendry Páez Andrade,MID,Chelsea,4.5
Landon Emenalo,MID,Chelsea,4.5
Moises Caicedo,MID,Chelsea,5.7
Mykhailo Mudryk,MID,Chelsea,4.9
Pedro Neto,MID,Chelsea,7.0
Roméo Lavia,MID,Chelsea,4.9
Joao Pedro,FWD,Chelsea,7.7
Liam Delap,FWD,Chelsea,6.2
Marc Guiu,FWD,Chelsea,4.2
Nicolas Jackson,FWD,Chelsea,6.5
Dean Henderson,GK,Crystal Palace,5.0
Remi Matthews,GK,Crystal Palace,3.9
Walter Benítez,GK,Crystal Palace,4.0
Borna Sosa,DEF,Crystal Palace,4.8
Caleb Kporha,DEF,Crystal Palace,4.0
Chadi Riad,DEF,Crystal Palace,4.0
Chris Richards,DEF,Crystal Palace,4.4
Daniel Munoz,DEF,Crystal Palace,5.9
Danny Imray,DEF,Crystal Palace,4.0
Dean Benamar,DEF,Crystal Palace,4.0
George King,DEF,Crystal Palace,4.0
Jaydee Canvot,DEF,Crystal Palace,4.5
Maxence Lacroix,DEF,Crystal Palace,5.1
Nathaniel Clyne,DEF,Crystal Palace,3.8
Rob Holding,DEF,Crystal Palace,4.0
Tyrick Mitchell,DEF,Crystal Palace,5.0
Adam Wharton,MID,Crystal Palace,5.0
Asher Agbinone,MID,Crystal Palace,4.3
Brennan Johnson,MID,Crystal Palace,6.5
Cheick Doucoure,MID,Crystal Palace,4.9
Daichi Kamada,MID,Crystal Palace,5.0
David Ozoh,MID,Crystal Palace,4.5
Evann Guessand,MID,Crystal Palace,6.2
Franco Umeh-Chibueze,MID,Crystal Palace,4.5
Ismaila Sarr,MID,Crystal Palace,6.4
Jefferson Lerma,MID,Crystal Palace,4.9
Jesurun Rak-Sakyi,MID,Crystal Palace,4.4
Joél Drakes-Thomas,MID,Crystal Palace,4.5
Justin Devenny,MID,Crystal Palace,4.3
Kaden Rodney,MID,Crystal Palace,4.4
Malcolm Ebiowei,MID,Crystal Palace,4.5
Matheus França de Oliveira,MID,Crystal Palace,4.5
Naouirou Ahamada,MID,Crystal Palace,4.3
Rio Cardines,MID,Crystal Palace,4.4
Romain Esse,MID,Crystal Palace,4.7
Will Hughes,MID,Crystal Palace,4.7
Yeremy Pino,MID,Crystal Palace,5.8
Ben Casey,FWD,Crystal Palace,4.5
Christantus Uche,FWD,Crystal Palace,5.5
Eddie Nketiah,FWD,Crystal Palace,5.4
Jean-Philippe Mateta,FWD,Crystal Palace,7.5
Jorgen Strand Larsen,FWD,Crystal Palace,6.2
Odsonne Édouard,FWD,Crystal Palace,5.0
Zach Marsh,FWD,Crystal Palace,4.4
Harry Tyrer,GK,Everton,3.9
Jordan Pickford,GK,Everton,5.6
Mark Travers,GK,Everton,4.3
Tom King,GK,Everton,3.9
Adam Aznou,DEF,Everton,4.2
Elijah Campbell,DEF,Everton,3.9
Jake O'Brien,DEF,Everton,4.9
James Tarkowski,DEF,Everton,5.7
Jarrad Branthwaite,DEF,Everton,5.3
Michael Keane,DEF,Everton,4.7
Nathan Patterson,DEF,Everton,4.4
Reece Welch,DEF,Everton,3.8
Roman Dixon,DEF,Everton,3.8
Séamus Coleman,DEF,Everton,4.2
Vitalii Mykolenko,DEF,Everton,4.9
Callum Bates,MID,Everton,4.3
Charly Alcaraz,MID,Everton,5.2
Coby Ebere,MID,Everton,4.4
Dwight McNeil,MID,Everton,5.5
Harrison Armstrong,MID,Everton,4.5
Idrissa Gueye,MID,Everton,5.4
Iliman Ndiaye,MID,Everton,6.2
Isaac Heath,MID,Everton,4.5
Jack Grealish,MID,Everton,6.3
James Garner,MID,Everton,5.2
Jenson Metcalfe,MID,Everton,4.5
Kiernan Dewsbury-Hall,MID,Everton,4.9
Merlin Röhl,MID,Everton,5.0
Tim Iroegbunam,MID,Everton,4.8
Tyler Dibling,MID,Everton,5.3
Tyler Onyango,MID,Everton,4.5
Tyrique George,MID,Everton,4.8
Beto,FWD,Everton,5.0
Braiden Graham,FWD,Everton,4.5
Martin Sherif,FWD,Everton,4.4
Thierno Barry,FWD,Everton,5.7
Youssef Ramalho Chermiti,FWD,Everton,4.9
Alfie McNally,GK,Fulham,4.0
Benjamin Lecomte,GK,Fulham,3.9
Bernd Leno,GK,Fulham,4.9
Steven Benda,GK,Fulham,4.0
Antonee Robinson,DEF,Fulham,4.9
Calvin Bassey,DEF,Fulham,4.4
Issa Diop,DEF,Fulham,4.3
Joachim Andersen,DEF,Fulham,4.5
Jorge Cuenca,DEF,Fulham,4.3
Kenny Tete,DEF,Fulham,4.5
Samuel Amissah,DEF,Fulham,3.8
Timothy Castagne,DEF,Fulham,4.3
Alex Iwobi,MID,Fulham,6.3
Andreas Hoelgebaum Pereira,MID,Fulham,5.3
Emile Smith Rowe,MID,Fulham,5.6
Harrison Reed,MID,Fulham,4.3
Harry Wilson,MID,Fulham,5.9
Josh King,MID,Fulham,4.4
Kevin,MID,Fulham,5.8
Luke Harris,MID,Fulham,4.5
Martial Godo,MID,Fulham,4.5
Oscar Bobb,MID,Fulham,5.1
Ryan Sessegnon,MID,Fulham,5.4
Samuel Chukwueze,MID,Fulham,5.3
Sander Berge,MID,Fulham,4.9
Sasa Lukic,MID,Fulham,4.9
Seth Ridgeon,MID,Fulham,4.5
Tom Cairney,MID,Fulham,4.8
Jonah Kusi-Asare,FWD,Fulham,4.5
Raul Jimenez,FWD,Fulham,6.1
Rodrigo Muniz,FWD,Fulham,5.3
Alex Cairns,GK,Leeds,3.9
Illan Meslier,GK,Leeds,4.1
Karl Darlow,GK,Leeds,3.9
Lucas Perri,GK,Leeds,4.5
Gabriel Gudmundsson,DEF,Leeds,3.8
Isaac Schmidt,DEF,Leeds,4.0
Jaka Bijol,DEF,Leeds,3.9
James Justin,DEF,Leeds,3.9
Jayden Bogle,DEF,Leeds,4.4
Joe Rodon,DEF,Leeds,3.9
Pascal Struijk,DEF,Leeds,4.3
Sam Byram,DEF,Leeds,3.8
Sebastiaan Bornauw,DEF,Leeds,3.8
Anton Stach,MID,Leeds,4.7
Ao Tanaka,MID,Leeds,4.8
Brenden Aaronson,MID,Leeds,5.4
Charlie Crew,MID,Leeds,4.5
Daniel James,MID,Leeds,5.2
Darko Gyabi,MID,Leeds,4.5
Ethan Ampadu,MID,Leeds,4.9
Facundo Buonanotte,MID,Leeds,4.6
Ilia Gruev,MID,Leeds,4.7
Jack Harrison,MID,Leeds,5.1
Joe Gelhardt,MID,Leeds,4.5
Largie Ramazani,MID,Leeds,4.9
Noah Okafor,MID,Leeds,5.5
Sam Chambers,MID,Leeds,4.4
Sam Greenwood,MID,Leeds,4.9
Sean Longstaff,MID,Leeds,4.8
Wilfried Gnonto,MID,Leeds,5.2
Dominic Calvert-Lewin,FWD,Leeds,5.8
Harry Gray,FWD,Leeds,4.5
Joel Piroe,FWD,Leeds,4.9
Lukas Nmecha,FWD,Leeds,5.0
Mateo Joseph Fernández-Regatillo,FWD,Leeds,5.0
Patrick Bamford,FWD,Leeds,4.9
Alisson Becker,GK,Liverpool,5.4
Freddie Woodman,GK,Liverpool,3.9
Giorgi Mamardashvili,GK,Liverpool,4.1
Ármin Pécsi,GK,Liverpool,3.8
Amara Nallo,DEF,Liverpool,3.7
Andrew Robertson,DEF,Liverpool,5.7
Calvin Ramsay,DEF,Liverpool,3.8
Conor Bradley,DEF,Liverpool,4.9
Giovanni Leoni,DEF,Liverpool,4.9
Ibrahima Konate,DEF,Liverpool,5.4
Jeremie Frimpong,DEF,Liverpool,5.7
Joe Gomez,DEF,Liverpool,4.9
Konstantinos Tsimikas,DEF,Liverpool,4.8
Milos Kerkez,DEF,Liverpool,5.6
Rhys Williams,DEF,Liverpool,3.7
Virgil van Dijk,DEF,Liverpool,5.9
Wellity Lucky,DEF,Liverpool,4.0
Alexis Mac Allister,MID,Liverpool,6.2
Cody Gakpo,MID,Liverpool,7.3
Curtis Jones,MID,Liverpool,5.4
Dominik Szoboszlai,MID,Liverpool,6.7
Endo Wataru,MID,Liverpool,4.9
Federico Chiesa,MID,Liverpool,6.3
Florian Wirtz,MID,Liverpool,8.4
James McConnell,MID,Liverpool,4.4
Kieran Morrison,MID,Liverpool,4.5
Luis Díaz Marulanda,MID,Liverpool,8.0
Mohamed Salah,MID,Liverpool,14.0
Rio Ngumoha,MID,Liverpool,4.3
Ryan Gravenberch,MID,Liverpool,5.5
Stefan Bajčetić Maquieira,MID,Liverpool,4.3
Trey Nyoni,MID,Liverpool,4.3
Tyler Morton,MID,Liverpool,4.5
Alexander Isak,FWD,Liverpool,10.3
Darwin Núñez Ribeiro,FWD,Liverpool,6.5
Hugo Ekitike,FWD,Liverpool,8.9
Jayden Danns,FWD,Liverpool,4.3
Ederson,GK,Man City,5.3
Gianluigi Donnarumma,GK,Man City,5.6
James Trafford,GK,Man City,4.5
Marcus Bettinelli,GK,Man City,3.8
Abduqodir Khusanov,DEF,Man City,5.4
John Stones,DEF,Man City,5.4
Josko Gvardiol,DEF,Man City,5.9
Manuel Akanji,DEF,Man City,5.4
Marc Guehi,DEF,Man City,5.2
Matheus Nunes,DEF,Man City,5.4
Max Alleyne,DEF,Man City,4.1
Nathan Ake,DEF,Man City,5.3
Nico O'Reilly,DEF,Man City,4.9
Rayan Ait Nouri,DEF,Man City,5.7
Rico Lewis,DEF,Man City,4.6
Ruben Dias,DEF,Man City,5.5
Stephen Mfuni,DEF,Man City,3.9
Vitor de Oliveira Nunes dos Reis,DEF,Man City,5.0
Antoine Semenyo,MID,Man City,8.0
Bernardo Silva,MID,Man City,6.2
Charlie Gray,MID,Man City,4.5
Claudio Echeverri,MID,Man City,5.4
Divine Mukasa,MID,Man City,4.4
Ilkay Gundogan,MID,Man City,6.3
Jeremy Doku,MID,Man City,6.4
Kalvin Phillips,MID,Man City,4.7
Mateo Kovačić,MID,Man City,5.8
Nico Gonzalez,MID,Man City,5.9
Omar Marmoush,MID,Man City,8.3
Phil Foden,MID,Man City,8.2
Rayan Cherki,MID,Man City,6.5
Reigan Heskey,MID,Man City,4.5
Rodri,MID,Man City,6.3
Ryan McAidoo,MID,Man City,4.5
Savinho,MID,Man City,6.9
Sverre Nypan,MID,Man City,5.0
Tijjani Reijnders,MID,Man City,5.1
Erling Haaland,FWD,Man City,14.8
Altay Bayindir,GK,Man Utd,4.7
Andre Onana,GK,Man Utd,4.9
Dermot Mee,GK,Man Utd,3.9
Elyh Harrison,GK,Man Utd,4.0
Senne Lammens,GK,Man Utd,5.0
Tom Heaton,GK,Man Utd,3.9
Ayden Heaven,DEF,Man Utd,3.7
Diego León Blanco,DEF,Man Utd,4.2
Diogo Dalot,DEF,Man Utd,4.5
Godwill Kukonki,DEF,Man Utd,4.0
Harry Amass,DEF,Man Utd,4.0
Harry Maguire,DEF,Man Utd,4.3
Leny Yoro,DEF,Man Utd,4.1
Lisandro Martinez,DEF,Man Utd,4.8
Luke Shaw,DEF,Man Utd,4.5
Matthijs de Ligt,DEF,Man Utd,4.9
Noussair Mazraoui,DEF,Man Utd,4.9
Patrick Dorgu,DEF,Man Utd,4.3
Tyler Fredricson,DEF,Man Utd,3.8
Tyrell Malacia,DEF,Man Utd,3.8
Amad Diallo,MID,Man Utd,6.2
Antony dos Santos,MID,Man Utd,5.9
Bendito Mantato,MID,Man Utd,4.5
Bruno Fernandes,MID,Man Utd,9.8
Bryan Mbeumo,MID,Man Utd,8.6
Casemiro,MID,Man Utd,5.6
Jack Fletcher,MID,Man Utd,4.3
Jack Moorhouse,MID,Man Utd,4.5
Jayce Fitzgerald,MID,Man Utd,4.3
Kobbie Mainoo,MID,Man Utd,4.6
Manuel Ugarte,MID,Man Utd,4.7
Marcus Rashford,MID,Man Utd,7.0
Mason Mount,MID,Man Utd,5.9
Matheus Cunha,MID,Man Utd,8.1
Shea Lacey,MID,Man Utd,4.5
Sékou Koné,MID,Man Utd,4.3
Toby Collyer,MID,Man Utd,4.5
Tyler Fletcher,MID,Man Utd,4.4
Benjamin Sesko,FWD,Man Utd,7.2
Chido Obi,FWD,Man Utd,4.2
Ethan Wheatley,FWD,Man Utd,4.5
Joshua Zirkzee,FWD,Man Utd,5.8
Rasmus Højlund,FWD,Man Utd,6.3
Aaron Ramsdale,GK,Newcastle,4.8
John Ruddy,GK,Newcastle,4.0
Mark Gillespie,GK,Newcastle,3.9
Nick Pope,GK,Newcastle,5.1
Odysseas Vlachodimos,GK,Newcastle,4.0
Alex Murphy,DEF,Newcastle,3.8
Dan Burn,DEF,Newcastle,5.0
Emil Krafth,DEF,Newcastle,4.3
Fabian Schar,DEF,Newcastle,5.2
Harrison Ashby,DEF,Newcastle,3.9
Jamaal Lascelles,DEF,Newcastle,4.3
Kieran Trippier,DEF,Newcastle,4.9
Leo Shahar,DEF,Newcastle,4.0
Lewis Hall,DEF,Newcastle,5.3
Malick Thiaw,DEF,Newcastle,5.0
Matt Targett,DEF,Newcastle,4.0
Miodrag Pivaš,DEF,Newcastle,3.8
Sven Botman,DEF,Newcastle,4.9
Tino Livramento,DEF,Newcastle,4.9
Anthony Elanga,MID,Newcastle,6.5
Anthony Gordon,MID,Newcastle,7.2
Antoñito Cordero Campillo,MID,Newcastle,4.9
Bruno Guimaraes,MID,Newcastle,6.9
Garang Kuol,MID,Newcastle,4.4
Harvey Barnes,MID,Newcastle,6.1
Isaac Hayden,MID,Newcastle,4.5
Jacob Murphy,MID,Newcastle,5.9
Jacob Ramsey,MID,Newcastle,5.3
Joe White,MID,Newcastle,4.5
Joe Willock,MID,Newcastle,5.0
Joelinton,MID,Newcastle,5.9
Lewis Miley,MID,Newcastle,4.5
Sam Alabi,MID,Newcastle,4.5
Sandro Tonali,MID,Newcastle,5.3
Seung-Soo Park,MID,Newcastle,4.3
Nick Woltemade,FWD,Newcastle,6.9
Sean Neave,FWD,Newcastle,4.3
William Osula,FWD,Newcastle,5.4
Yoane Wissa,FWD,Newcastle,7.3
Angus Gunn,GK,Nott'm Forest,4.0
Carlos Miguel dos Santos Pereira,GK,Nott'm Forest,4.0
John Victor Maciel Furtado,GK,Nott'm Forest,4.0
Matt Turner,GK,Nott'm Forest,4.0
Matz Sels,GK,Nott'm Forest,4.6
Stefan Ortega Moreno,GK,Nott'm Forest,4.7
David Mota Veiga Teixeira do Carmo,DEF,Nott'm Forest,4.5
Felipe Rodrigues da Silva,DEF,Nott'm Forest,4.3
Jair Paula da Cunha Filho,DEF,Nott'm Forest,4.2
Luca Netz,DEF,Nott'm Forest,4.5
Luis Eduardo Soares da Silva,DEF,Nott'm Forest,4.5
Murillo dos Santos,DEF,Nott'm Forest,5.2
Neco Williams,DEF,Nott'm Forest,4.7
Nicolo Savona,DEF,Nott'm Forest,4.5
Nikola Milenkovic,DEF,Nott'm Forest,5.1
Ola Aina,DEF,Nott'm Forest,4.7
Oleksandr Zinchenko,DEF,Nott'm Forest,4.9
Omar Richards,DEF,Nott'm Forest,4.5
Willy Boly,DEF,Nott'm Forest,3.8
Zach Abbott,DEF,Nott'm Forest,3.8
Callum Hudson-Odoi,MID,Nott'm Forest,5.7
Dan Ndoye,MID,Nott'm Forest,5.5
Dilane Bakwa,MID,Nott'm Forest,5.9
Elliot Anderson,MID,Nott'm Forest,5.4
Eric da Silva Moreira,MID,Nott'm Forest,4.5
Ibrahim Sangare,MID,Nott'm Forest,4.9
James McAtee,MID,Nott'm Forest,5.0
João Pedro Ferreira da Silva,MID,Nott'm Forest,5.4
Lewis O'Brien,MID,Nott'm Forest,5.0
Marko Stamenić,MID,Nott'm Forest,4.5
Morgan Gibbs-White,MID,Nott'm Forest,7.3
Nicolas Dominguez,MID,Nott'm Forest,5.0
Omari Hutchinson,MID,Nott'm Forest,5.4
Ryan Yates,MID,Nott'm Forest,4.7
Arnaud Kalimuendo,FWD,Nott'm Forest,6.0
Chris Wood,FWD,Nott'm Forest,7.2
Igor Jesus,FWD,Nott'm Forest,5.8
Lorenzo Lucca,FWD,Nott'm Forest,5.5
Taiwo Awoniyi,FWD,Nott'm Forest,5.2
Antonín Kinský,GK,Spurs,3.9
Brandon Austin,GK,Spurs,3.9
Guglielmo Vicario,GK,Spurs,4.7
Ashley Phillips,DEF,Spurs,4.0
Ben Davies,DEF,Spurs,4.3
Cristian Romero,DEF,Spurs,5.0
Destiny Udogie,DEF,Spurs,4.3
Djed Spence,DEF,Spurs,4.2
James Rowswell,DEF,Spurs,4.0
Joao Souza,DEF,Spurs,4.0
Jun'ai Byfield,DEF,Spurs,4.0
Kevin Danso,DEF,Spurs,4.2
Luka Vušković,DEF,Spurs,3.9
Micky van de Ven,DEF,Spurs,4.5
Pedro Porro,DEF,Spurs,5.1
Radu Dragusin,DEF,Spurs,4.5
Takai Kōta,DEF,Spurs,4.0
Archie Gray,MID,Spurs,4.8
Bryan Gil Salvatierra,MID,Spurs,4.9
Callum Olusesi,MID,Spurs,4.3
Conor Gallagher,MID,Spurs,5.4
Dejan Kulusevski,MID,Spurs,6.4
James Maddison,MID,Spurs,6.8
Joao Palhinha,MID,Spurs,5.5
Lucas Bergvall,MID,Spurs,5.2
Lucá Williams-Barnett,MID,Spurs,4.5
Manor Solomon,MID,Spurs,5.4
Mathys Tel,MID,Spurs,6.2
Mikey Moore,MID,Spurs,5.0
Mohammed Kudus,MID,Spurs,6.4
Pape Matar Sarr,MID,Spurs,4.5
Rio Kyerematen,MID,Spurs,4.5
Rodrigo Bentancur,MID,Spurs,5.3
Son Heung-min,MID,Spurs,8.5
Wilson Odobert,MID,Spurs,5.3
Xavi Simons,MID,Spurs,6.5
Yang Min-hyeok,MID,Spurs,4.5
Yusuf Akhamrich,MID,Spurs,4.5
Yves Bissouma,MID,Spurs,5.2
Dane Scarlett,FWD,Spurs,4.3
Dominic Solanke,FWD,Spurs,7.2
Randal Kolo Muani,FWD,Spurs,6.9
Richarlison,FWD,Spurs,6.3
Will Lankshear,FWD,Spurs,4.5
Anthony Patterson,GK,Sunderland,4.2
Blondy Nna Noukeu,GK,Sunderland,3.9
Melker Ellborg,GK,Sunderland,4.0
Robin Roefs,GK,Sunderland,4.9
Simon Moore,GK,Sunderland,3.9
Aji Alese,DEF,Sunderland,4.0
Arthur Masuaku,DEF,Sunderland,3.9
Dan Ballard,DEF,Sunderland,4.6
Dennis Cirkin,DEF,Sunderland,4.0
Jenson Jones,DEF,Sunderland,4.0
Jenson Seelt,DEF,Sunderland,4.0
Joe Anderson,DEF,Sunderland,3.8
Leo Fuhr Hjelde,DEF,Sunderland,4.0
Luke O'Nien,DEF,Sunderland,4.0
Lutsharel Geertruida,DEF,Sunderland,4.5
Niall Huggins,DEF,Sunderland,4.0
Nordi Mukiele,DEF,Sunderland,4.6
Omar Alderete,DEF,Sunderland,4.1
Reinildo Mandava,DEF,Sunderland,3.8
Timothée Pembélé,DEF,Sunderland,3.9
Trai Hume,DEF,Sunderland,4.5
Zak Johnson,DEF,Sunderland,3.8
Abdoullah Ba,MID,Sunderland,4.3
Alan Browne,MID,Sunderland,4.5
Bertrand Traore,MID,Sunderland,5.5
Chemsdine Talbi,MID,Sunderland,4.9
Chris Rigg,MID,Sunderland,4.7
Dan Neil,MID,Sunderland,4.8
Djiamgone Jocelin Ta Bi,MID,Sunderland,5.0
Enzo Le Fee,MID,Sunderland,4.9
Granit Xhaka,MID,Sunderland,5.1
Habib Diarra,MID,Sunderland,5.3
Harrison Jones,MID,Sunderland,4.3
Ian Poveda-Ocampo,MID,Sunderland,4.8
Jay Matete,MID,Sunderland,4.3
Milan Aleksić,MID,Sunderland,4.9
Nectarios Triantis,MID,Sunderland,4.4
Nilson Angulo,MID,Sunderland,5.0
Noah Sadiki,MID,Sunderland,4.9
Patrick Roberts,MID,Sunderland,5.4
Pierre Ekwah Elimby,MID,Sunderland,4.5
Romaine Mundle,MID,Sunderland,4.9
Simon Adingra,MID,Sunderland,4.9
Tymur Tutierov,MID,Sunderland,4.5
Ahmed Abdullahi,FWD,Sunderland,4.2
Brian Brobbey,FWD,Sunderland,5.5
Eliezer Mayenda,FWD,Sunderland,5.2
Luís Hemir Silva Semedo,FWD,Sunderland,4.4
Nazarii Rusyn,FWD,Sunderland,4.4
Wilson Isidor,FWD,Sunderland,5.1
Alphonse Areola,GK,West Ham,4.3
Krisztián Hegyi,GK,West Ham,3.9
Lukasz Fabianski,GK,West Ham,4.5
Mads Hermansen,GK,West Ham,4.2
Wes Foderingham,GK,West Ham,4.0
Aaron Wan-Bissaka,DEF,West Ham,4.1
Airidas Golambeckis,DEF,West Ham,4.0
Axel Disasi,DEF,West Ham,4.5
El Hadji Malick Diouf,DEF,West Ham,4.0
Emerson Palmieri dos Santos,DEF,West Ham,4.4
Ezra Mayers,DEF,West Ham,4.0
Jean-Clair Todibo,DEF,West Ham,4.3
Kaelan Casey,DEF,West Ham,4.0
Konstantinos Mavropanos,DEF,West Ham,4.4
Kyle Walker-Peters,DEF,West Ham,4.2
Maximilian Kilman,DEF,West Ham,4.2
Nayef Aguerd,DEF,West Ham,4.4
Ollie Scarles,DEF,West Ham,4.3
Adama Traore,MID,West Ham,5.1
Andy Irving,MID,West Ham,4.3
Crysencio Summerville,MID,West Ham,5.6
Edson Álvarez Velázquez,MID,West Ham,4.9
Freddie Potts,MID,West Ham,4.4
George Earthy,MID,West Ham,4.5
Guido Rodríguez,MID,West Ham,4.8
Keiber Lamadrid,MID,West Ham,5.0
Lewis Orford,MID,West Ham,4.4
Lucas Paqueta,MID,West Ham,5.9
Luis Guilherme,MID,West Ham,4.9
Mateus Fernandes,MID,West Ham,5.5
Maxwel Cornet,MID,West Ham,4.9
Mohamadou Kante,MID,West Ham,4.5
Soungoutou Magassa,MID,West Ham,5.0
Tomas Soucek,MID,West Ham,5.7
Callum Marshall,FWD,West Ham,4.3
Callum Wilson,FWD,West Ham,5.8
Jarrod Bowen,FWD,West Ham,7.6
Niclas Fullkrug,FWD,West Ham,5.6
Pablo,FWD,West Ham,5.5
Valentin Castellanos,FWD,West Ham,5.5
Daniel Bentley,GK,Wolves,3.9
Jose Sa,GK,Wolves,4.2
Sam Johnstone,GK,Wolves,4.4
Alfie Pond,DEF,Wolves,3.9
Bastien Meupiyou Menadjou,DEF,Wolves,4.0
David Moller Wolfe,DEF,Wolves,4.2
Emmanuel Agbadou,DEF,Wolves,4.2
Hugo Bueno López,DEF,Wolves,4.3
Jackson Tchatchoua,DEF,Wolves,4.4
Ki-Jana Hoever,DEF,Wolves,3.8
Ladislav Krejci,DEF,Wolves,4.5
Matt Doherty,DEF,Wolves,4.4
Pedro Cardoso de Lima,DEF,Wolves,4.0
Rodrigo Gomes,DEF,Wolves,4.4
Saheed Olagunju,DEF,Wolves,4.0
Santiago Bueno,DEF,Wolves,4.4
Toti Gomes,DEF,Wolves,4.2
Yerson Mosquera,DEF,Wolves,4.3
Andre,MID,Wolves,5.2
Angel Gomes,MID,Wolves,5.0
Boubacar Traoré,MID,Wolves,5.0
Enso González Medina,MID,Wolves,4.3
Ethan Sutherland,MID,Wolves,4.5
Fer Lopez,MID,Wolves,5.1
Gonçalo Manuel Ganchinho Guedes,MID,Wolves,5.5
Hwang Hee-Chan,MID,Wolves,5.6
Jean-Ricner Bellegarde,MID,Wolves,5.1
Jerome Abbey,MID,Wolves,4.5
Jhon Arias,MID,Wolves,4.9
Joao Gomes,MID,Wolves,5.3
Joe Hodge,MID,Wolves,4.5
Luke Rawlings,MID,Wolves,4.5
Marshall Munetsi,MID,Wolves,5.3
Tawanda Chirewa,MID,Wolves,4.3
Temple Ojinnaka,MID,Wolves,4.5
Tom Edozie,MID,Wolves,4.3
Adam Armstrong,FWD,Wolves,5.5
Fábio Soares Silva,FWD,Wolves,4.9
Leon Chiwome,FWD,Wolves,4.4
Mateus Mane,FWD,Wolves,4.6
Nathan Fraser,FWD,Wolves,4.2
Saša Kalajdžić,FWD,Wolves,4.9
Tolu Arokodare,FWD,Wolves,5.4
